<?xml version="1.0"?>
<!--<!DOCTYPE metadata SYSTEM "http://www.esri.com/metadata/esriprof80.dtd">-->
<metadata xml:lang="es"><Esri><CreaDate>20121031</CreaDate><CreaTime>10284500</CreaTime><SyncOnce>TRUE</SyncOnce><MetaID>{C40B5EE8-A5E8-4FFF-85B7-34B98712D369}</MetaID></Esri><idinfo><citation><citeinfo><onlink Sync="TRUE">\\delfos\DiscoComun\marcossoriano\ccc\HIDROGRAFIA\I_06_RIOS_ETRS89H29</onlink></citeinfo></citation></idinfo><distInfo><distributor><distorTran><onLineSrc><linkage Sync="TRUE">file://\\delfos\DiscoComun\marcossoriano\ccc\HIDROGRAFIA\I_06_RIOS_ETRS89H29</linkage><protocol Sync="TRUE">Local Area Network</protocol></onLineSrc></distorTran></distributor></distInfo><dataqual><lineage><procstep><procdesc Sync="TRUE">Dataset copied.</procdesc><srcused Sync="TRUE">D:\Agencia\Otalex\OTALEX C\VIAS_C_HIDRO\I.06_HIDROGRAFIA_10\I_06_RIOS_ETRS89H29</srcused><date Sync="TRUE">20121031</date><time Sync="TRUE">10284500</time></procstep></lineage></dataqual></metadata>
