<?xml version="1.0"?>
<!--<!DOCTYPE metadata SYSTEM "http://www.esri.com/metadata/esriprof80.dtd">-->
<metadata xml:lang="es"><Esri><MetaID>{F019FCA2-B104-4DD7-8B3F-9B8106D42D5D}</MetaID><CreaDate>20120611</CreaDate><CreaTime>12173400</CreaTime><SyncOnce>TRUE</SyncOnce><DataProperties><lineage><Process Name="XToolsPro_Features2Centroids_10" ToolSource="C:\Archivos de programa\DataEast\XToolsPro 8.1\Toolbox\XTools Pro.tbx\XToolsPro_Features2Centroids" Date="20120611" Time="121734">XToolsPro_Features2Centroids "D:\Agencia\Otalex\OTALEX C\20120525_Capas base en explotacion\I4 fregesias-t municipales-etrs89-h29.shp" "D:\Agencia\Otalex\OTALEX C\CapasCartografiaBaseFinalOTALEXII\I4fregesias-tmunicipales-etrs89-h29-Cent.shp" CENTER_POINT</Process></lineage></DataProperties></Esri><idinfo><citation><citeinfo><onlink Sync="TRUE">\\PC000581\D\Agencia\Otalex\OTALEX C\20120525_Capas base en explotacion\I4fregesias-tmunicipales-etrs89-h29-Cent</onlink></citeinfo></citation></idinfo><distInfo><distributor><distorTran><onLineSrc><linkage Sync="TRUE">file://\\PC000581\D\Agencia\Otalex\OTALEX C\20120525_Capas base en explotacion\I4fregesias-tmunicipales-etrs89-h29-Cent</linkage><protocol Sync="TRUE">Local Area Network</protocol></onLineSrc></distorTran></distributor></distInfo><dataqual><lineage><procstep><procdesc Sync="TRUE">Dataset moved.</procdesc><srcused Sync="TRUE">D:\Agencia\Otalex\OTALEX C\CapasCartografiaBaseFinalOTALEXII\I4fregesias-tmunicipales-etrs89-h29-Cent</srcused><date Sync="TRUE">20120611</date><time Sync="TRUE">12175500</time></procstep></lineage></dataqual></metadata>
