<?xml version="1.0"?>
<!--<!DOCTYPE metadata SYSTEM "http://www.esri.com/metadata/esriprof80.dtd">-->
<metadata xml:lang="es"><Esri><CreaDate>20120316</CreaDate><CreaTime>14385000</CreaTime><SyncOnce>TRUE</SyncOnce><MetaID>{3177F160-E269-4337-8268-F7212E15E51C}</MetaID><DataProperties><lineage><Process Name="CalculateField_9" ToolSource="C:\Archivos de programa\ArcGIS\ArcToolbox\Toolboxes\Data Management Tools.tbx\CalculateField" Date="20120528" Time="100836">CalculateField "D:\Agencia\Otalex\OTALEX C\20120525_Capas base en explotacion\I8superficiesAcuaticas-etrs89-h29.shp" NTABLA [TABLA] VB # "D:\Agencia\Otalex\OTALEX C\20120525_Capas base en explotacion\I8superficiesAcuaticas-etrs89-h29.shp"</Process><Process Name="CalculateField_10" ToolSource="C:\Archivos de programa\ArcGIS\ArcToolbox\Toolboxes\Data Management Tools.tbx\CalculateField" Date="20120528" Time="100852">CalculateField "D:\Agencia\Otalex\OTALEX C\20120525_Capas base en explotacion\I8superficiesAcuaticas-etrs89-h29.shp" NHECTARES [HECTARES] VB # "D:\Agencia\Otalex\OTALEX C\20120525_Capas base en explotacion\I8superficiesAcuaticas-etrs89-h29.shp"</Process><Process Name="CalculateField_11" ToolSource="C:\Archivos de programa\ArcGIS\ArcToolbox\Toolboxes\Data Management Tools.tbx\CalculateField" Date="20120528" Time="100935">CalculateField "D:\Agencia\Otalex\OTALEX C\20120525_Capas base en explotacion\I8superficiesAcuaticas-etrs89-h29.shp" TABLA [NTABLA] VB # "D:\Agencia\Otalex\OTALEX C\20120525_Capas base en explotacion\I8superficiesAcuaticas-etrs89-h29.shp"</Process><Process Name="CalculateField_12" ToolSource="C:\Archivos de programa\ArcGIS\ArcToolbox\Toolboxes\Data Management Tools.tbx\CalculateField" Date="20120528" Time="100948">CalculateField "D:\Agencia\Otalex\OTALEX C\20120525_Capas base en explotacion\I8superficiesAcuaticas-etrs89-h29.shp" HECTARES [NHECTARES] VB # "D:\Agencia\Otalex\OTALEX C\20120525_Capas base en explotacion\I8superficiesAcuaticas-etrs89-h29.shp"</Process></lineage></DataProperties></Esri><idinfo><citation><citeinfo><onlink Sync="TRUE">\\PC6147\D$\05_Proyectos Europeos\OTALEX\00-nucleo-fin\I8 superfícies acuáticas-etrs89-h29Copy</onlink></citeinfo></citation></idinfo><distInfo><distributor><distorTran><onLineSrc><linkage Sync="TRUE">file://\\PC6147\D$\05_Proyectos Europeos\OTALEX\00-nucleo-fin\I8 superfícies acuáticas-etrs89-h29Copy</linkage><protocol Sync="TRUE">Local Area Network</protocol></onLineSrc></distorTran></distributor></distInfo><dataqual><lineage><procstep><procdesc Sync="TRUE">Dataset copied.</procdesc><srcused Sync="TRUE">D:\05_Proyectos Europeos\OTALEX\00-nucleo-fin\I8 superfícies acuáticas-etrs89-h29</srcused><date Sync="TRUE">20120316</date><time Sync="TRUE">14385000</time></procstep></lineage></dataqual></metadata>
