<?xml version="1.0"?>
<!--<!DOCTYPE metadata SYSTEM "http://www.esri.com/metadata/esriprof80.dtd">-->
<metadata xml:lang="pt"><Esri><CreaDate>20130205</CreaDate><CreaTime>09444900</CreaTime><SyncOnce>FALSE</SyncOnce><SyncDate>20130205</SyncDate><SyncTime>12130900</SyncTime><ModDate>20130205</ModDate><ModTime>12130900</ModTime><DataProperties><lineage><Process ToolSource="C:\Program Files (x86)\ArcGIS\ArcToolbox\Toolboxes\Data Management Tools.tbx\Dissolve" Date="20121214" Time="182707">Dissolve CAOP_2010_otalex C:\Users\lab_sig64\Desktop\OTALEX_C\Info_Base\01_territorial\CAOP\CAOP_EUROACE\CAOP_2010_OTALEXC_freg_PT.shp CD_FREG;DS_FREG;CD_MUNI;DS_MUNI;CD_NUTIII;DS_NUTIII;CD_REGION;DS_REGION;CD_PAIS;DS_PAIS # MULTI_PART DISSOLVE_LINES</Process><Process ToolSource="C:\Program Files (x86)\ArcGIS\ArcToolbox\Toolboxes\Data Management Tools.tbx\Dissolve" Date="20121214" Time="182808">Dissolve CAOP_2010_OTALEXC_freg_PT C:\Users\lab_sig64\Desktop\OTALEX_C\Info_Base\01_territorial\CAOP\CAOP_EUROACE\CAOP_2010_OTALEXC_muni_PT.shp CD_MUNI;DS_MUNI;CD_NUTIII;DS_NUTIII;CD_REGION;DS_REGION;CD_PAIS;DS_PAIS # MULTI_PART DISSOLVE_LINES</Process><Process Name="Project_9" ToolSource="C:\Archivos de programa\ArcGIS\ArcToolbox\Toolboxes\Data Management Tools.tbx\Project" Date="20130205" Time="094449">Project "D:\Agencia\Otalex\OTALEX C\1_LIMITES_ADMINISTRATIVOS\OTALEX_C_CAOP_PT\CAOP_2010_OTALEXC_muni_PT.shp" "D:\Agencia\Otalex\OTALEX C\1_LIMITES_ADMINISTRATIVOS\OTALEX_C_CAOP_PT\CAOP_2010_OTALEXC_muni_PT_etrs89.shp" PROJCS['ETRS_1989_UTM_Zone_29N',GEOGCS['GCS_ETRS_1989',DATUM['D_ETRS_1989',SPHEROID['GRS_1980',6378137.0,298.257222101]],PRIMEM['Greenwich',0.0],UNIT['Degree',0.0174532925199433]],PROJECTION['Transverse_Mercator'],PARAMETER['False_Easting',500000.0],PARAMETER['False_Northing',0.0],PARAMETER['Central_Meridian',-9.0],PARAMETER['Scale_Factor',0.9996],PARAMETER['Latitude_Of_Origin',0.0],UNIT['Meter',1.0]] # PROJCS['ETRS_1989_TM06-Portugal',GEOGCS['GCS_ETRS_1989',DATUM['D_ETRS_1989',SPHEROID['GRS_1980',6378137.0,298.257222101]],PRIMEM['Greenwich',0.0],UNIT['Degree',0.0174532925199433]],PROJECTION['Transverse_Mercator'],PARAMETER['False_Easting',0.0],PARAMETER['False_Northing',0.0],PARAMETER['Central_Meridian',-8.133108333333333],PARAMETER['Scale_Factor',1.0],PARAMETER['Latitude_Of_Origin',39.66825833333333],UNIT['Meter',1.0]]</Process><Process Name="Merge_23" ToolSource="C:\Archivos de programa\ArcGIS\ArcToolbox\Toolboxes\Data Management Tools.tbx\Merge" Date="20130205" Time="121310">Merge 'D:\Agencia\Otalex\OTALEX C\1_LIMITES_ADMINISTRATIVOS\OTALEX_C_CAOP_PT\CAOP_2010_OTALEXC_muni_PT_etrs89.shp';'D:\Agencia\Otalex\OTALEX C\1_LIMITES_ADMINISTRATIVOS\TM_2009_ETRS89_H29_OTALEXC.shp' "D:\Agencia\Otalex\OTALEX C\1_LIMITES_ADMINISTRATIVOS\TERMINADOS\TM_2010_ETRS89_H29_OTALEXC.shp" "CD_MUNI CD_MUNI true false false 50 Text 0 0 ,First,#,D:\Agencia\Otalex\OTALEX C\1_LIMITES_ADMINISTRATIVOS\OTALEX_C_CAOP_PT\CAOP_2010_OTALEXC_muni_PT_etrs89.shp,CD_MUNI,-1,-1,D:\Agencia\Otalex\OTALEX C\1_LIMITES_ADMINISTRATIVOS\TM_2009_ETRS89_H29_OTALEXC.shp,CD_MUNI,-1,-1;DS_MUNI DS_MUNI true false false 250 Text 0 0 ,First,#,D:\Agencia\Otalex\OTALEX C\1_LIMITES_ADMINISTRATIVOS\OTALEX_C_CAOP_PT\CAOP_2010_OTALEXC_muni_PT_etrs89.shp,DS_MUNI,-1,-1,D:\Agencia\Otalex\OTALEX C\1_LIMITES_ADMINISTRATIVOS\TM_2009_ETRS89_H29_OTALEXC.shp,DS_MUNI,-1,-1;CD_NUTIII CD_NUTIII true false false 50 Text 0 0 ,First,#,D:\Agencia\Otalex\OTALEX C\1_LIMITES_ADMINISTRATIVOS\OTALEX_C_CAOP_PT\CAOP_2010_OTALEXC_muni_PT_etrs89.shp,CD_NUTIII,-1,-1,D:\Agencia\Otalex\OTALEX C\1_LIMITES_ADMINISTRATIVOS\TM_2009_ETRS89_H29_OTALEXC.shp,CD_NUTIII,-1,-1;DS_NUTIII DS_NUTIII true false false 250 Text 0 0 ,First,#,D:\Agencia\Otalex\OTALEX C\1_LIMITES_ADMINISTRATIVOS\OTALEX_C_CAOP_PT\CAOP_2010_OTALEXC_muni_PT_etrs89.shp,DS_NUTIII,-1,-1,D:\Agencia\Otalex\OTALEX C\1_LIMITES_ADMINISTRATIVOS\TM_2009_ETRS89_H29_OTALEXC.shp,DS_NUTIII,-1,-1;CD_REGION CD_REGION true false false 50 Text 0 0 ,First,#,D:\Agencia\Otalex\OTALEX C\1_LIMITES_ADMINISTRATIVOS\OTALEX_C_CAOP_PT\CAOP_2010_OTALEXC_muni_PT_etrs89.shp,CD_REGION,-1,-1,D:\Agencia\Otalex\OTALEX C\1_LIMITES_ADMINISTRATIVOS\TM_2009_ETRS89_H29_OTALEXC.shp,CD_REGION,-1,-1;DS_REGION DS_REGION true false false 250 Text 0 0 ,First,#,D:\Agencia\Otalex\OTALEX C\1_LIMITES_ADMINISTRATIVOS\OTALEX_C_CAOP_PT\CAOP_2010_OTALEXC_muni_PT_etrs89.shp,DS_REGION,-1,-1,D:\Agencia\Otalex\OTALEX C\1_LIMITES_ADMINISTRATIVOS\TM_2009_ETRS89_H29_OTALEXC.shp,DS_REGION,-1,-1;CD_PAIS CD_PAIS true false false 50 Text 0 0 ,First,#,D:\Agencia\Otalex\OTALEX C\1_LIMITES_ADMINISTRATIVOS\OTALEX_C_CAOP_PT\CAOP_2010_OTALEXC_muni_PT_etrs89.shp,CD_PAIS,-1,-1,D:\Agencia\Otalex\OTALEX C\1_LIMITES_ADMINISTRATIVOS\TM_2009_ETRS89_H29_OTALEXC.shp,CD_PAIS,-1,-1;DS_PAIS DS_PAIS true false false 250 Text 0 0 ,First,#,D:\Agencia\Otalex\OTALEX C\1_LIMITES_ADMINISTRATIVOS\OTALEX_C_CAOP_PT\CAOP_2010_OTALEXC_muni_PT_etrs89.shp,DS_PAIS,-1,-1,D:\Agencia\Otalex\OTALEX C\1_LIMITES_ADMINISTRATIVOS\TM_2009_ETRS89_H29_OTALEXC.shp,DS_PAIS,-1,-1"</Process><Process Name="CalculateField_11" ToolSource="C:\Archivos de programa\ArcGIS\ArcToolbox\Toolboxes\Data Management Tools.tbx\CalculateField" Date="20130212" Time="133603">CalculateField "D:\Agencia\Otalex\OTALEX C\1_LIMITES_ADMINISTRATIVOS\TERMINADOS\TM_2010_ETRS89_H29_OTALEXC.shp" CD_NIV_1 "EUROACE" VB # "D:\Agencia\Otalex\OTALEX C\1_LIMITES_ADMINISTRATIVOS\TERMINADOS\TM_2010_ETRS89_H29_OTALEXC.shp"</Process><Process Name="CalculateField_21" ToolSource="C:\Archivos de programa\ArcGIS\ArcToolbox\Toolboxes\Data Management Tools.tbx\CalculateField" Date="20130212" Time="133912">CalculateField "D:\Agencia\Otalex\OTALEX C\1_LIMITES_ADMINISTRATIVOS\TERMINADOS\TM_2010_ETRS89_H29_OTALEXC.shp" DS_NIV_1 "EURORREGION ALENTEJO CENTRO EXTREMADURA" VB # "D:\Agencia\Otalex\OTALEX C\1_LIMITES_ADMINISTRATIVOS\TERMINADOS\TM_2010_ETRS89_H29_OTALEXC.shp"</Process><Process Name="Rename_1" ToolSource="C:\Archivos de programa\ArcGIS\ArcToolbox\Toolboxes\Data Management Tools.tbx\Rename" Date="20130809" Time="101249">Rename "U:\10_PROYECTOS_TRANSFRONTERIZOS\OTALEXC\CAPAS_IDE_OTALEX\11.Residuos\Copia de Residuos_OTALEXC.shp" U:\10_PROYECTOS_TRANSFRONTERIZOS\OTALEXC\CAPAS_IDE_OTALEX\11.Residuos\RSU_papel.shp ShapeFile</Process></lineage></DataProperties><MetaID>{28D0EB6B-002C-45D4-9D32-2C5EA55AFA6A}</MetaID></Esri><idinfo><native Sync="TRUE">Microsoft Windows XP Version 5.1 (Build 2600) Service Pack 3; ESRI ArcCatalog 9.2.0.1324</native><descript><langdata Sync="TRUE">es</langdata><abstract>REQUIRED: A brief narrative summary of the data set.</abstract><purpose>REQUIRED: A summary of the intentions with which the data set was developed.</purpose></descript><citation><citeinfo><origin>REQUIRED: The name of an organization or individual that developed the data set.</origin><pubdate>REQUIRED: The date when the data set is published or otherwise made available for release.</pubdate><title Sync="TRUE">TM_2010_ETRS89_H29_OTALEXC</title><ftname Sync="TRUE">TM_2010_ETRS89_H29_OTALEXC</ftname><geoform Sync="TRUE">vector digital data</geoform><onlink Sync="TRUE">\\PC000581\D$\Agencia\Otalex\OTALEX C\1_LIMITES_ADMINISTRATIVOS\TERMINADOS\TM_2010_ETRS89_H29_OTALEXC.shp</onlink></citeinfo></citation><timeperd><current>REQUIRED: The basis on which the time period of content information is determined.</current><timeinfo><sngdate><caldate>REQUIRED: The year (and optionally month, or month and day) for which the data set corresponds to the ground.</caldate></sngdate></timeinfo></timeperd><status><progress>REQUIRED: The state of the data set.</progress><update>REQUIRED: The frequency with which changes and additions are made to the data set after the initial data set is completed.</update></status><spdom><bounding><westbc Sync="TRUE">REQUIRED: Western-most coordinate of the limit of coverage expressed in longitude.</westbc><eastbc Sync="TRUE">REQUIRED: Eastern-most coordinate of the limit of coverage expressed in longitude.</eastbc><northbc Sync="TRUE">REQUIRED: Northern-most coordinate of the limit of coverage expressed in latitude.</northbc><southbc Sync="TRUE">REQUIRED: Southern-most coordinate of the limit of coverage expressed in latitude.</southbc></bounding></spdom><keywords><theme><themekt>REQUIRED: Reference to a formally registered thesaurus or a similar authoritative source of theme keywords.</themekt><themekey>REQUIRED: Common-use word or phrase used to describe the subject of the data set.</themekey></theme></keywords><accconst>REQUIRED: Restrictions and legal prerequisites for accessing the data set.</accconst><useconst>REQUIRED: Restrictions and legal prerequisites for using the data set after access is granted.</useconst><natvform Sync="TRUE">Shapefile</natvform></idinfo><dataIdInfo><envirDesc Sync="TRUE">Microsoft Windows XP Version 5.1 (Build 2600) Service Pack 3; ESRI ArcCatalog 9.2.0.1324</envirDesc><dataLang><languageCode Sync="TRUE" value="es"></languageCode></dataLang><idCitation><resTitle Sync="TRUE">TM_2010_ETRS89_H29_OTALEXC</resTitle><presForm><PresFormCd Sync="TRUE" value="005"></PresFormCd></presForm></idCitation><spatRpType><SpatRepTypCd Sync="TRUE" value="001"></SpatRepTypCd></spatRpType></dataIdInfo><metainfo><langmeta Sync="TRUE">es</langmeta><metstdn Sync="TRUE">FGDC Content Standards for Digital Geospatial Metadata</metstdn><metstdv Sync="TRUE">FGDC-STD-001-1998</metstdv><mettc Sync="TRUE">local time</mettc><metc><cntinfo><cntorgp><cntper>REQUIRED: The person responsible for the metadata information.</cntper><cntorg>REQUIRED: The organization responsible for the metadata information.</cntorg></cntorgp><cntaddr><addrtype>REQUIRED: The mailing and/or physical address for the organization or individual.</addrtype><city>REQUIRED: The city of the address.</city><state>REQUIRED: The state or province of the address.</state><postal>REQUIRED: The ZIP or other postal code of the address.</postal></cntaddr><cntvoice>REQUIRED: The telephone number by which individuals can speak to the organization or individual.</cntvoice></cntinfo></metc><metd Sync="TRUE">20130205</metd><metextns><onlink Sync="TRUE">http://www.esri.com/metadata/esriprof80.html</onlink><metprof Sync="TRUE">ESRI Metadata Profile</metprof></metextns></metainfo><mdLang><languageCode Sync="TRUE" value="es"></languageCode></mdLang><mdStanName Sync="TRUE">ISO 19115 Geographic Information - Metadata</mdStanName><mdStanVer Sync="TRUE">DIS_ESRI1.0</mdStanVer><mdChar><CharSetCd Sync="TRUE" value="004"></CharSetCd></mdChar><mdHrLv><ScopeCd Sync="TRUE" value="005"></ScopeCd></mdHrLv><mdHrLvName Sync="TRUE">dataset</mdHrLvName><distinfo><resdesc Sync="TRUE">Downloadable Data</resdesc><stdorder><digform><digtinfo><transize Sync="TRUE">0,000</transize><dssize Sync="TRUE">0,000</dssize></digtinfo></digform></stdorder></distinfo><distInfo><distributor><distorTran><onLineSrc><orDesc Sync="TRUE">002</orDesc><linkage Sync="TRUE">file://\\PC000581\D$\Agencia\Otalex\OTALEX C\1_LIMITES_ADMINISTRATIVOS\TERMINADOS\TM_2010_ETRS89_H29_OTALEXC.shp</linkage><protocol Sync="TRUE">Local Area Network</protocol></onLineSrc><transSize Sync="TRUE">0,000</transSize></distorTran><distorFormat><formatName Sync="TRUE">Shapefile</formatName></distorFormat></distributor></distInfo><spdoinfo><direct Sync="TRUE">Vector</direct><ptvctinf><esriterm Name="TM_2010_ETRS89_H29_OTALEXC"><efeatyp Sync="TRUE">Simple</efeatyp><efeageom Sync="TRUE">Polygon</efeageom><esritopo Sync="TRUE">FALSE</esritopo><efeacnt Sync="TRUE">0</efeacnt><spindex Sync="TRUE">FALSE</spindex><linrefer Sync="TRUE">FALSE</linrefer></esriterm><sdtsterm Name="TM_2010_ETRS89_H29_OTALEXC"><sdtstype Sync="TRUE">G-polygon</sdtstype><ptvctcnt Sync="TRUE">0</ptvctcnt></sdtsterm></ptvctinf></spdoinfo><spref><horizsys><cordsysn><geogcsn Sync="TRUE">GCS_ETRS_1989</geogcsn><projcsn Sync="TRUE">ETRS_1989_UTM_Zone_29N</projcsn></cordsysn><planar><planci><plance Sync="TRUE">coordinate pair</plance><plandu Sync="TRUE">meters</plandu><coordrep><absres Sync="TRUE">0.000000</absres><ordres Sync="TRUE">0.000000</ordres></coordrep></planci><mapproj><mapprojn Sync="TRUE">Transverse Mercator</mapprojn><transmer><sfctrmer Sync="TRUE">0.999600</sfctrmer><longcm Sync="TRUE">-9.000000</longcm><latprjo Sync="TRUE">0.000000</latprjo><feast Sync="TRUE">500000.000000</feast><fnorth Sync="TRUE">0.000000</fnorth></transmer></mapproj></planar><geodetic><horizdn Sync="TRUE">D_ETRS_1989</horizdn><ellips Sync="TRUE">Geodetic Reference System 80</ellips><semiaxis Sync="TRUE">6378137.000000</semiaxis><denflat Sync="TRUE">298.257222</denflat></geodetic></horizsys></spref><refSysInfo><RefSystem><refSysID><identCode Sync="TRUE">ETRS_1989_UTM_Zone_29N</identCode></refSysID></RefSystem></refSysInfo><spatRepInfo><VectSpatRep><topLvl><TopoLevCd Sync="TRUE" value="001"></TopoLevCd></topLvl><geometObjs Name="TM_2010_ETRS89_H29_OTALEXC"><geoObjTyp><GeoObjTypCd Sync="TRUE" value="001"></GeoObjTypCd></geoObjTyp><geoObjCnt Sync="TRUE">0</geoObjCnt></geometObjs></VectSpatRep></spatRepInfo><eainfo><detailed Name="TM_2010_ETRS89_H29_OTALEXC"><enttyp><enttypl Sync="TRUE">TM_2010_ETRS89_H29_OTALEXC</enttypl><enttypt Sync="TRUE">Feature Class</enttypt><enttypc Sync="TRUE">0</enttypc></enttyp><attr><attrlabl Sync="TRUE">FID</attrlabl><attalias Sync="TRUE">FID</attalias><attrtype Sync="TRUE">OID</attrtype><attwidth Sync="TRUE">4</attwidth><atprecis Sync="TRUE">0</atprecis><attscale Sync="TRUE">0</attscale><attrdef Sync="TRUE">Internal feature number.</attrdef><attrdefs Sync="TRUE">ESRI</attrdefs><attrdomv><udom Sync="TRUE">Sequential unique whole numbers that are automatically generated.</udom></attrdomv></attr><attr><attrlabl Sync="TRUE">Shape</attrlabl><attalias Sync="TRUE">Shape</attalias><attrtype Sync="TRUE">Geometry</attrtype><attwidth Sync="TRUE">0</attwidth><atprecis Sync="TRUE">0</atprecis><attscale Sync="TRUE">0</attscale><attrdef Sync="TRUE">Feature geometry.</attrdef><attrdefs Sync="TRUE">ESRI</attrdefs><attrdomv><udom Sync="TRUE">Coordinates defining the features.</udom></attrdomv></attr><attr><attrlabl Sync="TRUE">CD_MUNI</attrlabl><attalias Sync="TRUE">CD_MUNI</attalias><attrtype Sync="TRUE">String</attrtype><attwidth Sync="TRUE">50</attwidth></attr><attr><attrlabl Sync="TRUE">DS_MUNI</attrlabl><attalias Sync="TRUE">DS_MUNI</attalias><attrtype Sync="TRUE">String</attrtype><attwidth Sync="TRUE">250</attwidth></attr><attr><attrlabl Sync="TRUE">CD_NUTIII</attrlabl><attalias Sync="TRUE">CD_NUTIII</attalias><attrtype Sync="TRUE">String</attrtype><attwidth Sync="TRUE">50</attwidth></attr><attr><attrlabl Sync="TRUE">DS_NUTIII</attrlabl><attalias Sync="TRUE">DS_NUTIII</attalias><attrtype Sync="TRUE">String</attrtype><attwidth Sync="TRUE">250</attwidth></attr><attr><attrlabl Sync="TRUE">CD_REGION</attrlabl><attalias Sync="TRUE">CD_REGION</attalias><attrtype Sync="TRUE">String</attrtype><attwidth Sync="TRUE">50</attwidth></attr><attr><attrlabl Sync="TRUE">DS_REGION</attrlabl><attalias Sync="TRUE">DS_REGION</attalias><attrtype Sync="TRUE">String</attrtype><attwidth Sync="TRUE">250</attwidth></attr><attr><attrlabl Sync="TRUE">CD_PAIS</attrlabl><attalias Sync="TRUE">CD_PAIS</attalias><attrtype Sync="TRUE">String</attrtype><attwidth Sync="TRUE">50</attwidth></attr><attr><attrlabl Sync="TRUE">DS_PAIS</attrlabl><attalias Sync="TRUE">DS_PAIS</attalias><attrtype Sync="TRUE">String</attrtype><attwidth Sync="TRUE">250</attwidth></attr></detailed></eainfo><mdDateSt Sync="TRUE">20130205</mdDateSt><dataqual><lineage><procstep><procdesc Sync="TRUE">Dataset copied.</procdesc><srcused Sync="TRUE"></srcused><date Sync="TRUE">20130205</date><time Sync="TRUE">09444900</time></procstep></lineage></dataqual></metadata>
