<?xml version="1.0"?>
<!--<!DOCTYPE metadata SYSTEM "http://www.esri.com/metadata/esriprof80.dtd">-->
<metadata xml:lang="pt"><Esri><CreaDate>20121203</CreaDate><CreaTime>15020100</CreaTime><SyncOnce>FALSE</SyncOnce><SyncDate>20121123</SyncDate><SyncTime>16013100</SyncTime><ModDate>20121123</ModDate><ModTime>16013100</ModTime><DataProperties><lineage><Process Name="FeatureClassToFeatureClass_2" ToolSource="C:\Program Files\ArcGIS\ArcToolbox\Toolboxes\Conversion Tools.tbx\FeatureClassToFeatureClass" Date="20081031" Time="142021">FeatureClassToFeatureClass C:\500k_2007\500k_08\500k_08_jfonseca.mdb\Hidrografia\Rios C:\500k_2007\500k_08\500k_08.mdb\Hidrografia Rios # "SHAPE_Length SHAPE_Length false true true 8 Double 0 0 ,First,#,C:\500k_2007\500k_08\500k_08_jfonseca.mdb\Hidrografia\Rios,SHAPE_Length,-1,-1;Descricao Descricao true true false 50 Text 0 0 ,First,#,C:\500k_2007\500k_08\500k_08_jfonseca.mdb\Hidrografia\Rios,Descricao,-1,-1;VersaoFolha VersaoFolha true true false 50 Text 0 0 ,First,#,C:\500k_2007\500k_08\500k_08_jfonseca.mdb\Hidrografia\Rios,VersaoFolha,-1,-1;Nível Nível true true false 4 Long 0 0 ,First,#,C:\500k_2007\500k_08\500k_08_jfonseca.mdb\Hidrografia\Rios,Nível,-1,-1;Cor Cor true true false 2 Short 0 0 ,First,#,C:\500k_2007\500k_08\500k_08_jfonseca.mdb\Hidrografia\Rios,Cor,-1,-1;Espessura Espessura true true false 2 Short 0 0 ,First,#,C:\500k_2007\500k_08\500k_08_jfonseca.mdb\Hidrografia\Rios,Espessura,-1,-1" # C:\500k_2007\500k_08\500k_08.mdb\Hidrografia\Rios</Process><Process Name="FeatureClassToFeatureClass_1" ToolSource="C:\Program Files\ArcGIS\ArcToolbox\Toolboxes\Conversion Tools.tbx\FeatureClassToFeatureClass" Date="20081103" Time="130511">FeatureClassToFeatureClass C:\500k_2007\500k_08\500k_08.mdb\Hidrografia\Rios C:\500k_2007\500k_08\500k_08.mdb\Hidrografia rios_portugueses # "Descricao Descricao true true false 50 Text 0 0 ,First,#,C:\500k_2007\500k_08\500k_08.mdb\Hidrografia\Rios,Descricao,-1,-1;Shape_Length Shape_Length false true true 8 Double 0 0 ,First,#,C:\500k_2007\500k_08\500k_08.mdb\Hidrografia\Rios,Shape_Length,-1,-1" # C:\500k_2007\500k_08\500k_08.mdb\Hidrografia\rios_portugueses</Process><Process ToolSource="C:\Program Files\ArcGIS\ArcToolbox\Toolboxes\Data Management Tools.tbx\CopyFeatures" Date="20081103" Time="133304">CopyFeatures C:\500k_2007\500k_08\500k_08.mdb\Hidrografia\rios_line C:\500k_2007\500k_08\shapefile\rios_line.shp # 0 0 0</Process><Process Name="FeatureClassToFeatureClass_1" ToolSource="C:\Program Files\ArcGIS\ArcToolbox\Toolboxes\Conversion Tools.tbx\FeatureClassToFeatureClass" Date="20081106" Time="105059">FeatureClassToFeatureClass C:\500k_2007\500k_08\danilo\rios_line.shp C:\500k_2007\500k_08\500k_08.mdb\Hidrografia line_rios # "Descricao Descricao true false false 50 Text 0 0 ,First,#,C:\500k_2007\500k_08\danilo\rios_line.shp,Descricao,-1,-1;Shape_Leng Shape_Leng true false false 19 Double 0 0 ,First,#,C:\500k_2007\500k_08\danilo\rios_line.shp,Shape_Leng,-1,-1;Nome Nome true false false 100 Text 0 0 ,First,#,C:\500k_2007\500k_08\danilo\rios_line.shp,Nome,-1,-1" # C:\500k_2007\500k_08\500k_08.mdb\Hidrografia\line_rios</Process><Process ToolSource="C:\Program Files\ArcGIS\ArcToolbox\Toolboxes\Data Management Tools.tbx\CopyFeatures" Date="20081106" Time="113427">CopyFeatures line_rios C:\500k_2007\500k_08\danilo\line_rios.shp # 0 0 0</Process><Process ToolSource="C:\Program Files\ArcGIS\ArcToolbox\Toolboxes\Data Management Tools.tbx\CopyFeatures" Date="20081210" Time="110338">CopyFeatures \\igp-app\cgc_aqui\danielr\500k\shapefile\r_lagua_line.shp C:\500k_2007\500k_08\backup\500k_backup.gdb\Hidrografia\r_lagua_line_shp # 0 0 0</Process><Process ToolSource="C:\Program Files\ArcGIS\ArcToolbox\Toolboxes\Data Management Tools.tbx\CopyFeatures" Date="20090109" Time="134240">CopyFeatures C:\500k_2007\500k_08\backup\500k_backup.gdb\Hidrografia\r_lagua_line_shp C:\500k_2007\500k_08\500k_08.mdb\Hidrografia\r_lagua_line_shp # 0 0 0</Process><Process Name="Set CAD Alias (12)" ToolSource="C:\Program Files\ArcGIS\ArcToolbox\Toolboxes\Conversion Tools.tbx\SetCADAlias" Date="20111130" Time="090308">SetCADAlias C:\Work\500k\500k_backup_21Nov\500k_08.mdb\Hidrografia\r_lagua_line_shp "Descricao '' VISIBLE NONE;Nome '' VISIBLE NONE;Shape_Leng Shape_Leng VISIBLE NONE;Shape_Length Shape_Length VISIBLE NONE;RuleID RuleID VISIBLE NONE;Override Override VISIBLE NONE;Designa Layer VISIBLE NONE" C:\Work\500k\500k_backup_21Nov\500k_08.mdb\Hidrografia\r_lagua_line_shp</Process><Process ToolSource="C:\Program Files (x86)\ArcGIS\ArcToolbox\Toolboxes\Data Management Tools.tbx\Dissolve" Date="20121115" Time="121912">Dissolve r_lagua_line C:\Users\lab_sig64\Desktop\OTALEX_C\GDB_OTALEXC_anual\Cartog_trab\Rios_ViasComunic\r_lagua_line_Dissolve1.shp Descricao;Nome;RuleID;Designa # SINGLE_PART DISSOLVE_LINES</Process><Process ToolSource="C:\Program Files (x86)\ArcGIS\ArcToolbox\Toolboxes\Analysis Tools.tbx\Clip" Date="20121123" Time="160134">Clip Export_Output Euroace_PT_Buffer500 C:\Users\lab_sig64\Desktop\OTALEX_C\GDB_OTALEXC_anual\Cartog_trab\Rios_ViasComunic\Export_Output_Clip.shp #</Process></lineage></DataProperties><MetaID>{E4C13183-3784-4AA9-BDD7-19F7B47FEEC4}</MetaID></Esri><idinfo><native Sync="TRUE">Microsoft Windows Vista Version 6.1 (Build 7600) ; ESRI ArcCatalog 9.3.1.3000</native><descript><langdata Sync="TRUE">pt</langdata><abstract>REQUIRED: A brief narrative summary of the data set.</abstract><purpose>REQUIRED: A summary of the intentions with which the data set was developed.</purpose></descript><citation><citeinfo><origin>REQUIRED: The name of an organization or individual that developed the data set.</origin><pubdate>REQUIRED: The date when the data set is published or otherwise made available for release.</pubdate><title Sync="TRUE">Export_Output_Clip</title><ftname Sync="TRUE">Export_Output_Clip</ftname><geoform Sync="TRUE">vector digital data</geoform><onlink Sync="TRUE"></onlink></citeinfo></citation><timeperd><current>REQUIRED: The basis on which the time period of content information is determined.</current><timeinfo><sngdate><caldate>REQUIRED: The year (and optionally month, or month and day) for which the data set corresponds to the ground.</caldate></sngdate></timeinfo></timeperd><status><progress>REQUIRED: The state of the data set.</progress><update>REQUIRED: The frequency with which changes and additions are made to the data set after the initial data set is completed.</update></status><spdom><bounding><westbc Sync="TRUE">REQUIRED: Western-most coordinate of the limit of coverage expressed in longitude.</westbc><eastbc Sync="TRUE">REQUIRED: Eastern-most coordinate of the limit of coverage expressed in longitude.</eastbc><northbc Sync="TRUE">REQUIRED: Northern-most coordinate of the limit of coverage expressed in latitude.</northbc><southbc Sync="TRUE">REQUIRED: Southern-most coordinate of the limit of coverage expressed in latitude.</southbc></bounding></spdom><keywords><theme><themekt>REQUIRED: Reference to a formally registered thesaurus or a similar authoritative source of theme keywords.</themekt><themekey>REQUIRED: Common-use word or phrase used to describe the subject of the data set.</themekey></theme></keywords><accconst>REQUIRED: Restrictions and legal prerequisites for accessing the data set.</accconst><useconst>REQUIRED: Restrictions and legal prerequisites for using the data set after access is granted.</useconst><natvform Sync="TRUE">Shapefile</natvform></idinfo><dataIdInfo><envirDesc Sync="TRUE">Microsoft Windows Vista Version 6.1 (Build 7600) ; ESRI ArcCatalog 9.3.1.3000</envirDesc><dataLang><languageCode Sync="TRUE" value="pt"></languageCode></dataLang><idCitation><resTitle Sync="TRUE">Export_Output_Clip</resTitle><presForm><PresFormCd Sync="TRUE" value="005"></PresFormCd></presForm></idCitation><spatRpType><SpatRepTypCd Sync="TRUE" value="001"></SpatRepTypCd></spatRpType></dataIdInfo><metainfo><langmeta Sync="TRUE">pt</langmeta><metstdn Sync="TRUE">FGDC Content Standards for Digital Geospatial Metadata</metstdn><metstdv Sync="TRUE">FGDC-STD-001-1998</metstdv><mettc Sync="TRUE">local time</mettc><metc><cntinfo><cntorgp><cntper>REQUIRED: The person responsible for the metadata information.</cntper><cntorg>REQUIRED: The organization responsible for the metadata information.</cntorg></cntorgp><cntaddr><addrtype>REQUIRED: The mailing and/or physical address for the organization or individual.</addrtype><city>REQUIRED: The city of the address.</city><state>REQUIRED: The state or province of the address.</state><postal>REQUIRED: The ZIP or other postal code of the address.</postal></cntaddr><cntvoice>REQUIRED: The telephone number by which individuals can speak to the organization or individual.</cntvoice></cntinfo></metc><metd Sync="TRUE">20121123</metd><metextns><onlink Sync="TRUE">http://www.esri.com/metadata/esriprof80.html</onlink><metprof Sync="TRUE">ESRI Metadata Profile</metprof></metextns></metainfo><mdLang><languageCode Sync="TRUE" value="pt"></languageCode></mdLang><mdStanName Sync="TRUE">ISO 19115 Geographic Information - Metadata</mdStanName><mdStanVer Sync="TRUE">DIS_ESRI1.0</mdStanVer><mdChar><CharSetCd Sync="TRUE" value="004"></CharSetCd></mdChar><mdHrLv><ScopeCd Sync="TRUE" value="005"></ScopeCd></mdHrLv><mdHrLvName Sync="TRUE">dataset</mdHrLvName><distinfo><resdesc Sync="TRUE">Downloadable Data</resdesc><stdorder><digform><digtinfo><transize Sync="TRUE">0,000</transize><dssize Sync="TRUE">0,000</dssize></digtinfo></digform></stdorder></distinfo><distInfo><distributor><distorTran><onLineSrc><orDesc Sync="TRUE">002</orDesc><linkage Sync="TRUE">file://</linkage><protocol Sync="TRUE">Local Area Network</protocol></onLineSrc><transSize Sync="TRUE">0,000</transSize></distorTran><distorFormat><formatName Sync="TRUE">Shapefile</formatName></distorFormat></distributor></distInfo><spdoinfo><direct Sync="TRUE">Vector</direct><ptvctinf><esriterm Name="Export_Output_Clip"><efeatyp Sync="TRUE">Simple</efeatyp><efeageom Sync="TRUE">Polyline</efeageom><esritopo Sync="TRUE">FALSE</esritopo><efeacnt Sync="TRUE">0</efeacnt><spindex Sync="TRUE">FALSE</spindex><linrefer Sync="TRUE">FALSE</linrefer></esriterm><sdtsterm Name="Export_Output_Clip"><sdtstype Sync="TRUE">String</sdtstype><ptvctcnt Sync="TRUE">0</ptvctcnt></sdtsterm></ptvctinf></spdoinfo><spref><horizsys><cordsysn><geogcsn Sync="TRUE">GCS_ETRS_1989</geogcsn><projcsn Sync="TRUE">ETRS_1989_TM06-Portugal</projcsn></cordsysn><planar><planci><plance Sync="TRUE">coordinate pair</plance><plandu Sync="TRUE">meters</plandu><coordrep><absres Sync="TRUE">0.000000</absres><ordres Sync="TRUE">0.000000</ordres></coordrep></planci><mapproj><mapprojn Sync="TRUE">Transverse Mercator</mapprojn><transmer><sfctrmer Sync="TRUE">1.000000</sfctrmer><longcm Sync="TRUE">-8.133108</longcm><latprjo Sync="TRUE">39.668258</latprjo><feast Sync="TRUE">0.000000</feast><fnorth Sync="TRUE">0.000000</fnorth></transmer></mapproj></planar><geodetic><horizdn Sync="TRUE">D_ETRS_1989</horizdn><ellips Sync="TRUE">Geodetic Reference System 80</ellips><semiaxis Sync="TRUE">6378137.000000</semiaxis><denflat Sync="TRUE">298.257222</denflat></geodetic></horizsys><vertdef><altsys><altenc Sync="TRUE">Explicit elevation coordinate included with horizontal coordinates</altenc><altres Sync="TRUE">0.000100</altres></altsys></vertdef></spref><refSysInfo><RefSystem><refSysID><identCode Sync="TRUE">ETRS_1989_TM06-Portugal</identCode></refSysID></RefSystem></refSysInfo><spatRepInfo><VectSpatRep><topLvl><TopoLevCd Sync="TRUE" value="001"></TopoLevCd></topLvl><geometObjs Name="Export_Output_Clip"><geoObjTyp><GeoObjTypCd Sync="TRUE" value="001"></GeoObjTypCd></geoObjTyp><geoObjCnt Sync="TRUE">0</geoObjCnt></geometObjs></VectSpatRep></spatRepInfo><eainfo><detailed Name="Export_Output_Clip"><attr><attrlabl Sync="TRUE">Nome</attrlabl><attalias Sync="TRUE">Nome</attalias><attrtype Sync="TRUE">String</attrtype><attwidth Sync="TRUE">100</attwidth></attr><attr><attrlabl Sync="TRUE">FID</attrlabl><attalias Sync="TRUE">FID</attalias><attrtype Sync="TRUE">OID</attrtype><attwidth Sync="TRUE">4</attwidth><atprecis Sync="TRUE">0</atprecis><attscale Sync="TRUE">0</attscale><attrdef Sync="TRUE">Internal feature number.</attrdef><attrdefs Sync="TRUE">ESRI</attrdefs><attrdomv><udom Sync="TRUE">Sequential unique whole numbers that are automatically generated.</udom></attrdomv></attr><enttyp><enttypl Sync="TRUE">Export_Output_Clip</enttypl><enttypt Sync="TRUE">Feature Class</enttypt><enttypc Sync="TRUE">0</enttypc></enttyp><attr><attrlabl Sync="TRUE">Shape</attrlabl><attalias Sync="TRUE">Shape</attalias><attrtype Sync="TRUE">Geometry</attrtype><attwidth Sync="TRUE">0</attwidth><atprecis Sync="TRUE">0</atprecis><attscale Sync="TRUE">0</attscale><attrdef Sync="TRUE">Feature geometry.</attrdef><attrdefs Sync="TRUE">ESRI</attrdefs><attrdomv><udom Sync="TRUE">Coordinates defining the features.</udom></attrdomv></attr><attr><attrlabl Sync="TRUE">Descricao</attrlabl><attalias Sync="TRUE">Descricao</attalias><attrtype Sync="TRUE">String</attrtype><attwidth Sync="TRUE">50</attwidth></attr><attr><attrlabl Sync="TRUE">RuleID</attrlabl><attalias Sync="TRUE">RuleID</attalias><attrtype Sync="TRUE">Number</attrtype><attwidth Sync="TRUE">9</attwidth></attr><attr><attrlabl Sync="TRUE">Designa</attrlabl><attalias Sync="TRUE">Designa</attalias><attrtype Sync="TRUE">String</attrtype><attwidth Sync="TRUE">30</attwidth></attr></detailed></eainfo><mdDateSt Sync="TRUE">20121123</mdDateSt><dataqual><lineage><procstep><procdesc Sync="TRUE">Dataset copied.</procdesc><srcused Sync="TRUE">C:\500k_2007\500k_08\danilo\hidrografia\r_lagua_line</srcused><date Sync="TRUE">20081127</date><time Sync="TRUE">10552400</time></procstep><procstep><procdesc Sync="TRUE">Dataset copied.</procdesc><srcused Sync="TRUE">\\LAB_SIG64-PC\C$\Users\lab_sig64\Desktop\OTALEX_C\Informacao_Geog_Oficial_IGP\500k\500k_2012.mdb</srcused><procdate Sync="TRUE">20121114</procdate><proctime Sync="TRUE">17215900</proctime></procstep><procstep><procdesc Sync="TRUE">Dataset copied.</procdesc><srcused Sync="TRUE"></srcused><procdate Sync="TRUE">20121115</procdate><proctime Sync="TRUE">13083500</proctime></procstep><procstep><procdesc Sync="TRUE">Dataset copied.</procdesc><srcused Sync="TRUE"></srcused><procdate Sync="TRUE">20121123</procdate><proctime Sync="TRUE">18172400</proctime></procstep><procstep><procdesc Sync="TRUE">Dataset copied.</procdesc><srcused Sync="TRUE"></srcused><procdate Sync="TRUE">20121127</procdate><proctime Sync="TRUE">10204200</proctime></procstep><procstep><procdesc Sync="TRUE">Dataset copied.</procdesc><srcused Sync="TRUE"></srcused><procdate Sync="TRUE">20121203</procdate><proctime Sync="TRUE">15020100</proctime></procstep></lineage></dataqual></metadata>
