<?xml version="1.0" encoding="UTF-8"?>
<gmd:MD_Metadata xmlns:gco="http://www.isotc211.org/2005/gco"
    xmlns:gmd="http://www.isotc211.org/2005/gmd"
    xmlns:gml="http://www.opengis.net/gml"
    xmlns:gts="http://www.isotc211.org/2005/gts"
    xmlns:xlink="http://www.w3.org/1999/xlink" xmlns:xsi="http://www.w3.org/2001/XMLSchema-instance">
    <gmd:fileIdentifier><gco:CharacterString>ESDGTOTUSIO20130630010104</gco:CharacterString></gmd:fileIdentifier>
    <gmd:language>
        <gmd:LanguageCode
            codeList="./resources/codeList.xml#LanguageCode" codeListValue="español">español</gmd:LanguageCode>
    </gmd:language>
    <gmd:characterSet>
        <gmd:MD_CharacterSetCode
            codeList="./resources/codeList.xml#MD_CharacterSetCode" codeListValue="utf8">utf8</gmd:MD_CharacterSetCode>
    </gmd:characterSet>
    <gmd:parentIdentifier gco:nilReason="inapplicable"/>
    <gmd:hierarchyLevel>
        <gmd:MD_ScopeCode
            codeList="./resources/codeList.xml#MD_ScopeCode" codeListValue="Conjunto de datos">Conjunto de datos</gmd:MD_ScopeCode>
    </gmd:hierarchyLevel>
    <gmd:hierarchyLevelName gco:nilReason="inapplicable"/>
    <gmd:contact>
        <gmd:CI_ResponsibleParty>
            <gmd:individualName>
                <gco:CharacterString>Cuarto Delgado, Mª del Puerto</gco:CharacterString>
            </gmd:individualName>
            <gmd:organisationName>
                <gco:CharacterString>D.G. de Transportes, Ordenación del Territorio y Urbanismo. Consejería de Fomento, Vivienda, Ordenación del Territorio y Turismo. GOBIERNO DE EXTREMADURA.</gco:CharacterString>
            </gmd:organisationName>
            <gmd:positionName>
                <gco:CharacterString>Licenciado en Geografía</gco:CharacterString>
            </gmd:positionName>
            <gmd:contactInfo>
                <gmd:CI_Contact>
                    <gmd:address>
                        <gmd:CI_Address>
                            <gmd:electronicMailAddress>
                                <gco:CharacterString>mariadelpuerto.cuarto@juntaextremadura.net</gco:CharacterString>
                            </gmd:electronicMailAddress>
                        </gmd:CI_Address>
                    </gmd:address>
                    <gmd:onlineResource>
                        <gmd:CI_OnlineResource>
                            <gmd:linkage>
                                <gmd:URL>http://www.ideotalex.eu</gmd:URL>
                            </gmd:linkage>
                        </gmd:CI_OnlineResource>
                    </gmd:onlineResource>
                </gmd:CI_Contact>
            </gmd:contactInfo>
            <gmd:role>
                <gmd:CI_RoleCode
                    codeList="./resources/codeList.xml#CI_RoleCode" codeListValue="Punto de contacto">Punto de contacto</gmd:CI_RoleCode>
            </gmd:role>
        </gmd:CI_ResponsibleParty>
    </gmd:contact>
    <gmd:dateStamp>
        <gco:Date>2013-06-25</gco:Date>
    </gmd:dateStamp>
    <gmd:metadataStandardName>
        <gco:CharacterString>ISO 19115:2003+ ISO 19115:2003/Cor 1:2006 (Perfil NEM)</gco:CharacterString>
    </gmd:metadataStandardName>
    <gmd:metadataStandardVersion>
        <gco:CharacterString>2003 v1.1</gco:CharacterString>
    </gmd:metadataStandardVersion>
    <gmd:dataSetURI>
        <gco:CharacterString>http://www.ideotalex.eu</gco:CharacterString>
    </gmd:dataSetURI>
    <gmd:referenceSystemInfo>
        <gmd:MD_ReferenceSystem>
            <gmd:referenceSystemIdentifier>
                <gmd:RS_Identifier>
                    <gmd:authority>
                        <gmd:CI_Citation>
                            <gmd:title>
                                <gco:CharacterString>European Petroleum Survey Group (EPSG)</gco:CharacterString>
                            </gmd:title>
                            <gmd:date>
                                <gmd:CI_Date>
                                    <gmd:date>
                                    <gco:Date>1995-06-02</gco:Date>
                                    </gmd:date>
                                    <gmd:dateType>
                                    <gmd:CI_DateTypeCode
                                    codeList="./resources/codeList.xml#CI_DateTypeCode" codeListValue="revision">revision</gmd:CI_DateTypeCode>
                                    </gmd:dateType>
                                </gmd:CI_Date>
                            </gmd:date>
                        </gmd:CI_Citation>
                    </gmd:authority>
                    <gmd:code>
                        <gco:CharacterString>EPSG:23029 - ED50 / UTM zone 29N</gco:CharacterString>
                    </gmd:code>
                </gmd:RS_Identifier>
            </gmd:referenceSystemIdentifier>
        </gmd:MD_ReferenceSystem>
    </gmd:referenceSystemInfo>
    <gmd:referenceSystemInfo>
        <gmd:MD_ReferenceSystem>
            <gmd:referenceSystemIdentifier>
                <gmd:RS_Identifier>
                    <gmd:authority>
                        <gmd:CI_Citation>
                            <gmd:title>
                                <gco:CharacterString>European Petroleum Survey Group (EPSG)</gco:CharacterString>
                            </gmd:title>
                            <gmd:date>
                                <gmd:CI_Date>
                                    <gmd:date>
                                    <gco:Date>2005-05-27</gco:Date>
                                    </gmd:date>
                                    <gmd:dateType>
                                    <gmd:CI_DateTypeCode
                                    codeList="./resources/codeList.xml#CI_DateTypeCode" codeListValue="revision">revision</gmd:CI_DateTypeCode>
                                    </gmd:dateType>
                                </gmd:CI_Date>
                            </gmd:date>
                        </gmd:CI_Citation>
                    </gmd:authority>
                    <gmd:code>
                        <gco:CharacterString>EPSG:23030 - ED50 / UTM zone 30N</gco:CharacterString>
                    </gmd:code>
                </gmd:RS_Identifier>
            </gmd:referenceSystemIdentifier>
        </gmd:MD_ReferenceSystem>
    </gmd:referenceSystemInfo>
    <gmd:referenceSystemInfo>
        <gmd:MD_ReferenceSystem>
            <gmd:referenceSystemIdentifier>
                <gmd:RS_Identifier>
                    <gmd:authority>
                        <gmd:CI_Citation>
                            <gmd:title>
                                <gco:CharacterString>European Petroleum Survey Group (EPSG)</gco:CharacterString>
                            </gmd:title>
                            <gmd:date>
                                <gmd:CI_Date>
                                    <gmd:date>
                                    <gco:Date>2000-10-19</gco:Date>
                                    </gmd:date>
                                    <gmd:dateType>
                                    <gmd:CI_DateTypeCode
                                    codeList="./resources/codeList.xml#CI_DateTypeCode" codeListValue="Revisión">Revisión</gmd:CI_DateTypeCode>
                                    </gmd:dateType>
                                </gmd:CI_Date>
                            </gmd:date>
                        </gmd:CI_Citation>
                    </gmd:authority>
                    <gmd:code>
                        <gco:CharacterString>EPSG:25829 - ETRS89 / UTM zone 29N</gco:CharacterString>
                    </gmd:code>
                </gmd:RS_Identifier>
            </gmd:referenceSystemIdentifier>
        </gmd:MD_ReferenceSystem>
    </gmd:referenceSystemInfo>
    <gmd:referenceSystemInfo>
        <gmd:MD_ReferenceSystem>
            <gmd:referenceSystemIdentifier>
                <gmd:RS_Identifier>
                    <gmd:authority>
                        <gmd:CI_Citation>
                            <gmd:title>
                                <gco:CharacterString>European Petroleum Survey Group (EPSG)</gco:CharacterString>
                            </gmd:title>
                            <gmd:date>
                                <gmd:CI_Date>
                                    <gmd:date>
                                    <gco:Date>2000-10-19</gco:Date>
                                    </gmd:date>
                                    <gmd:dateType>
                                    <gmd:CI_DateTypeCode
                                    codeList="./resources/codeList.xml#CI_DateTypeCode" codeListValue="revision">revision</gmd:CI_DateTypeCode>
                                    </gmd:dateType>
                                </gmd:CI_Date>
                            </gmd:date>
                        </gmd:CI_Citation>
                    </gmd:authority>
                    <gmd:code>
                        <gco:CharacterString>EPSG:25830 - ETRS89 / UTM zone 30N</gco:CharacterString>
                    </gmd:code>
                </gmd:RS_Identifier>
            </gmd:referenceSystemIdentifier>
        </gmd:MD_ReferenceSystem>
    </gmd:referenceSystemInfo>
    <gmd:referenceSystemInfo>
        <gmd:MD_ReferenceSystem>
            <gmd:referenceSystemIdentifier>
                <gmd:RS_Identifier>
                    <gmd:authority>
                        <gmd:CI_Citation>
                            <gmd:title>
                                <gco:CharacterString>European Petroleum Survey Group (EPSG)</gco:CharacterString>
                            </gmd:title>
                            <gmd:date>
                                <gmd:CI_Date>
                                    <gmd:date>
                                    <gco:Date>2008-03-14</gco:Date>
                                    </gmd:date>
                                    <gmd:dateType>
                                    <gmd:CI_DateTypeCode
                                    codeList="./resources/codeList.xml#CI_DateTypeCode" codeListValue="revision">revision</gmd:CI_DateTypeCode>
                                    </gmd:dateType>
                                </gmd:CI_Date>
                            </gmd:date>
                        </gmd:CI_Citation>
                    </gmd:authority>
                    <gmd:code>
                        <gco:CharacterString>EPSG:5782 - Alicante height</gco:CharacterString>
                    </gmd:code>
                </gmd:RS_Identifier>
            </gmd:referenceSystemIdentifier>
        </gmd:MD_ReferenceSystem>
    </gmd:referenceSystemInfo>
    <gmd:identificationInfo>
        <gmd:MD_DataIdentification>
            <gmd:citation>
                <gmd:CI_Citation>
                    <gmd:title>
                        <gco:CharacterString>Sistema de indicadores de OTALEX C. Vector Territorial. Tema Climatología. Indicador Temperatura media anual. Año/s 1971-2000.</gco:CharacterString>
                    </gmd:title>
                    <gmd:alternateTitle>
                        <gco:CharacterString>SERIE SIO - OTALEX C (2011-2013). ETRS89. (DGTOTU).</gco:CharacterString>
                    </gmd:alternateTitle>
                    <gmd:date>
                        <gmd:CI_Date>
                            <gmd:date>
                                <gco:Date>2013-06-30</gco:Date>
                            </gmd:date>
                            <gmd:dateType>
                                <gmd:CI_DateTypeCode
                                    codeList="./resources/codeList.xml#CI_DateTypeCode" codeListValue="Creación">Creación</gmd:CI_DateTypeCode>
                            </gmd:dateType>
                        </gmd:CI_Date>
                    </gmd:date>
                    <gmd:identifier>
                        <gmd:RS_Identifier>
                            <gmd:authority>
                                <gmd:CI_Citation>
                                    <gmd:title>
                                    <gco:CharacterString>Dirección General de Transportes, Ordenación del Territorio y Urbanismo. Consejería de Fomento, Vivienda, Ordenación del Territorio y Turismo. GOBIERNO DE EXTREMADURA.</gco:CharacterString>
                                    </gmd:title>
                                    <gmd:date>
                                    <gmd:CI_Date>
                                    <gmd:date>
                                    <gco:Date>2013-06-30</gco:Date>
                                    </gmd:date>
                                    <gmd:dateType>
                                    <gmd:CI_DateTypeCode
                                    codeList="./resources/codeList.xml#CI_DateTypeCode" codeListValue="creation">creation</gmd:CI_DateTypeCode>
                                    </gmd:dateType>
                                    </gmd:CI_Date>
                                    </gmd:date>
                                    <gmd:identifier gco:nilReason="inapplicable"/>
                                </gmd:CI_Citation>
                            </gmd:authority>
                            <gmd:code>
                                <gco:CharacterString>010104</gco:CharacterString>
                            </gmd:code>
                        </gmd:RS_Identifier>
                    </gmd:identifier>
                    <gmd:presentationForm>
                        <gmd:CI_PresentationFormCode
                            codeList="./resources/codeList.xml#CI_PresentationFormCode" codeListValue="Mapa Digital">Mapa Digital</gmd:CI_PresentationFormCode>
                    </gmd:presentationForm>
                </gmd:CI_Citation>
            </gmd:citation>
            <gmd:abstract>
                <gco:CharacterString>DESCRIPCIÓN: Valor de la temperatura media anual (serie climática 1971-2000). METODOLOGÍA: Cálculo de la temperatura media anual. Ordinary Kriging. Datos base: valores registrados en cada una de las estaciones del área OTALEX C (52 estaciones en Extremadura y 27 en Alentejo-Centro) y su periferia (10 estaciones en la periferia de Extremadura y 10 en la periferia de Alentejo-Centro). FORMATO: shp. FUENTE: Española ( Agencia Estatal de Meteorología (AEMET)) ; Portuguesa ( Instituto Nacional de Metereologia, IP). AÑO/S: 1971-2000. UNIDAD DE MEDIDA: ºC (grados centígrados). REFERENCIA TERRITORIAL: Área OTALEX C. SISTEMA DE REFERENCIA: ETRS89. SISTEMA DE PROYECCIÓN: UTM huso 29N.
                                                                                                                                                                      
                                                                                                                                                                      </gco:CharacterString>
            </gmd:abstract>
            <gmd:purpose>
                <gco:CharacterString>Constitución de un sistema de indicadores común de Extremadura-Alentejo-Centro mediante la elaboración de capas de cartografía temática de las tres regiones, consituyendo una base de información territorial para la IDE OTALEX (www.ideotalex.eu).</gco:CharacterString>
            </gmd:purpose>
            <gmd:credit>
                <gco:CharacterString>- GOBIERNO DE EXTREMADURA.</gco:CharacterString>
            </gmd:credit>
            <gmd:status>
                <gmd:MD_ProgressCode
                    codeList="./resources/codeList.xml#MD_ProgressCode" codeListValue="En curso">En curso</gmd:MD_ProgressCode>
            </gmd:status>
            <gmd:pointOfContact>
                <gmd:CI_ResponsibleParty>
                    <gmd:individualName gco:nilReason="inapplicable"/>
                    <gmd:organisationName>
                        <gco:CharacterString>D.G. de Transportes, Ordenación del Territorio y Urbanismo. Consejería de Fomento, Vivienda, Ordenación del Territorio y Turismo. GOBIERNO DE EXTREMADURA.</gco:CharacterString>
                    </gmd:organisationName>
                    <gmd:positionName gco:nilReason="inapplicable"/>
                    <gmd:contactInfo>
                        <gmd:CI_Contact>
                            <gmd:phone>
                                <gmd:CI_Telephone>
                                    <gmd:voice>
                                    <gco:CharacterString>(+34) 924332000</gco:CharacterString>
                                    </gmd:voice>
                                </gmd:CI_Telephone>
                            </gmd:phone>
                            <gmd:address>
                                <gmd:CI_Address>
                                    <gmd:deliveryPoint>
                                    <gco:CharacterString>Avda de las Comunidades, s/n</gco:CharacterString>
                                    </gmd:deliveryPoint>
                                    <gmd:city>
                                    <gco:CharacterString>Mérida</gco:CharacterString>
                                    </gmd:city>
                                    <gmd:administrativeArea>
                                    <gco:CharacterString>Badajoz</gco:CharacterString>
                                    </gmd:administrativeArea>
                                    <gmd:postalCode>
                                    <gco:CharacterString>06800</gco:CharacterString>
                                    </gmd:postalCode>
                                    <gmd:country>
                                    <gco:CharacterString>España (Spain)</gco:CharacterString>
                                    </gmd:country>
                                    <gmd:electronicMailAddress>
                                    <gco:CharacterString>otalex@gobex.es</gco:CharacterString>
                                    </gmd:electronicMailAddress>
                                </gmd:CI_Address>
                            </gmd:address>
                            <gmd:hoursOfService>
                                <gco:CharacterString>De Lunes a Viernes: 9:00-14:00. (GMT+01:00) Madrid. </gco:CharacterString>
                            </gmd:hoursOfService>
                        </gmd:CI_Contact>
                    </gmd:contactInfo>
                    <gmd:role>
                        <gmd:CI_RoleCode
                            codeList="./resources/codeList.xml#CI_RoleCode" codeListValue="Proveedor del recurso">Proveedor del recurso</gmd:CI_RoleCode>
                    </gmd:role>
                </gmd:CI_ResponsibleParty>
            </gmd:pointOfContact>
            <gmd:pointOfContact>
                <gmd:CI_ResponsibleParty>
                    <gmd:individualName gco:nilReason="inapplicable"/>
                    <gmd:organisationName>
                        <gco:CharacterString>Dirección General de Transportes, Ordenación del Territorio y Urbanismo. Consejería de Fomento, Vivienda, Ordenación del Territorio y Turismo. GOBIERNO DE EXTREMADURA.</gco:CharacterString>
                    </gmd:organisationName>
                    <gmd:positionName gco:nilReason="inapplicable"/>
                    <gmd:role>
                        <gmd:CI_RoleCode
                            codeList="./resources/codeList.xml#CI_RoleCode" codeListValue="custodian">custodian</gmd:CI_RoleCode>
                    </gmd:role>
                </gmd:CI_ResponsibleParty>
            </gmd:pointOfContact>
            <gmd:resourceMaintenance>
                <gmd:MD_MaintenanceInformation>
                    <gmd:maintenanceAndUpdateFrequency>
                        <gmd:MD_MaintenanceFrequencyCode
                            codeList="./resources/codeList.xml#MD_MaintenanceFrequencyCode" codeListValue="Irregular">Irregular</gmd:MD_MaintenanceFrequencyCode>
                    </gmd:maintenanceAndUpdateFrequency>
                </gmd:MD_MaintenanceInformation>
            </gmd:resourceMaintenance>
            <gmd:graphicOverview>
                <gmd:MD_BrowseGraphic>
                    <gmd:fileName>
                        <gco:CharacterString>Serie SIO</gco:CharacterString>
                    </gmd:fileName>
                </gmd:MD_BrowseGraphic>
            </gmd:graphicOverview>
            <gmd:descriptiveKeywords>
                <gmd:MD_Keywords>
                    <gmd:keyword>
                        <gco:CharacterString>ES43 (España - Extremadura)</gco:CharacterString>
                    </gmd:keyword>
                    <gmd:type>
                        <gmd:MD_KeywordTypeCode
                            codeList="./resources/codeList.xml#MD_KeywordTypeCode" codeListValue="place">place</gmd:MD_KeywordTypeCode>
                    </gmd:type>
                    <gmd:thesaurusName>
                        <gmd:CI_Citation>
                            <gmd:title>
                                <gco:CharacterString>Nomenclature of Territorial Units for Statistics (NUTS)</gco:CharacterString>
                            </gmd:title>
                            <gmd:date>
                                <gmd:CI_Date>
                                    <gmd:date>
                                    <gco:Date>2010-01-01</gco:Date>
                                    </gmd:date>
                                    <gmd:dateType>
                                    <gmd:CI_DateTypeCode
                                    codeList="./resources/codeList.xml#CI_DateTypeCode" codeListValue="Publicación">Publicación</gmd:CI_DateTypeCode>
                                    </gmd:dateType>
                                </gmd:CI_Date>
                            </gmd:date>
                        </gmd:CI_Citation>
                    </gmd:thesaurusName>
                </gmd:MD_Keywords>
            </gmd:descriptiveKeywords>
            <gmd:descriptiveKeywords>
                <gmd:MD_Keywords>
                    <gmd:keyword>
                        <gco:CharacterString>ESPAÑA</gco:CharacterString>
                    </gmd:keyword>
                    <gmd:keyword>
                        <gco:CharacterString>SPAIN</gco:CharacterString>
                    </gmd:keyword>
                    <gmd:type>
                        <gmd:MD_KeywordTypeCode
                            codeList="./resources/codeList.xml#MD_KeywordTypeCode" codeListValue="place">place</gmd:MD_KeywordTypeCode>
                    </gmd:type>
                    <gmd:thesaurusName>
                        <gmd:CI_Citation>
                            <gmd:title>
                                <gco:CharacterString>ISO3166</gco:CharacterString>
                            </gmd:title>
                            <gmd:date>
                                <gmd:CI_Date>
                                    <gmd:date>
                                    <gco:Date>2005-09-01</gco:Date>
                                    </gmd:date>
                                    <gmd:dateType>
                                    <gmd:CI_DateTypeCode
                                    codeList="./resources/codeList.xml#CI_DateTypeCode" codeListValue="publication">publication</gmd:CI_DateTypeCode>
                                    </gmd:dateType>
                                </gmd:CI_Date>
                            </gmd:date>
                        </gmd:CI_Citation>
                    </gmd:thesaurusName>
                </gmd:MD_Keywords>
            </gmd:descriptiveKeywords>
            <gmd:descriptiveKeywords>
                <gmd:MD_Keywords>
                    <gmd:keyword>
                        <gco:CharacterString>GEOGRAFÍA</gco:CharacterString>
                    </gmd:keyword>
                    <gmd:keyword>
                        <gco:CharacterString>regiones de los países de la Comunidad</gco:CharacterString>
                    </gmd:keyword>
                    <gmd:keyword>
                        <gco:CharacterString>regiones de España</gco:CharacterString>
                    </gmd:keyword>
                    <gmd:keyword>
                        <gco:CharacterString>Extremadura</gco:CharacterString>
                    </gmd:keyword>
                    <gmd:type>
                        <gmd:MD_KeywordTypeCode
                            codeList="./resources/codeList.xml#MD_KeywordTypeCode" codeListValue="theme">theme</gmd:MD_KeywordTypeCode>
                    </gmd:type>
                    <gmd:thesaurusName>
                        <gmd:CI_Citation>
                            <gmd:title>
                                <gco:CharacterString>EUROVOC 4.1</gco:CharacterString>
                            </gmd:title>
                            <gmd:date>
                                <gmd:CI_Date>
                                    <gmd:date>
                                    <gco:Date>2006-02-15</gco:Date>
                                    </gmd:date>
                                    <gmd:dateType>
                                    <gmd:CI_DateTypeCode
                                    codeList="./resources/codeList.xml#CI_DateTypeCode" codeListValue="publication">publication</gmd:CI_DateTypeCode>
                                    </gmd:dateType>
                                </gmd:CI_Date>
                            </gmd:date>
                        </gmd:CI_Citation>
                    </gmd:thesaurusName>
                </gmd:MD_Keywords>
            </gmd:descriptiveKeywords>
            <gmd:descriptiveKeywords>
                <gmd:MD_Keywords>
                    <gmd:keyword>
                        <gco:CharacterString>GEOGRAFÍA</gco:CharacterString>
                    </gmd:keyword>
                    <gmd:keyword>
                        <gco:CharacterString>regiones de los países de la Comunidad</gco:CharacterString>
                    </gmd:keyword>
                    <gmd:keyword>
                        <gco:CharacterString>regiones de Portugal</gco:CharacterString>
                    </gmd:keyword>
                    <gmd:keyword>
                        <gco:CharacterString>Alentejo</gco:CharacterString>
                    </gmd:keyword>
                    <gmd:type>
                        <gmd:MD_KeywordTypeCode
                            codeList="./resources/codeList.xml#MD_KeywordTypeCode" codeListValue="theme">theme</gmd:MD_KeywordTypeCode>
                    </gmd:type>
                    <gmd:thesaurusName>
                        <gmd:CI_Citation>
                            <gmd:title>
                                <gco:CharacterString>EUROVOC 4.1</gco:CharacterString>
                            </gmd:title>
                            <gmd:date>
                                <gmd:CI_Date>
                                    <gmd:date>
                                    <gco:Date>2006-02-15</gco:Date>
                                    </gmd:date>
                                    <gmd:dateType>
                                    <gmd:CI_DateTypeCode
                                    codeList="./resources/codeList.xml#CI_DateTypeCode" codeListValue="publication">publication</gmd:CI_DateTypeCode>
                                    </gmd:dateType>
                                </gmd:CI_Date>
                            </gmd:date>
                        </gmd:CI_Citation>
                    </gmd:thesaurusName>
                </gmd:MD_Keywords>
            </gmd:descriptiveKeywords>
            <gmd:descriptiveKeywords>
                <gmd:MD_Keywords>
                    <gmd:keyword>
                        <gco:CharacterString>GEOGRAFÍA</gco:CharacterString>
                    </gmd:keyword>
                    <gmd:keyword>
                        <gco:CharacterString>regiones de los países de la Comunidad</gco:CharacterString>
                    </gmd:keyword>
                    <gmd:keyword>
                        <gco:CharacterString>regiones de Portugal</gco:CharacterString>
                    </gmd:keyword>
                    <gmd:keyword>
                        <gco:CharacterString>Portugal del Centro</gco:CharacterString>
                    </gmd:keyword>
                    <gmd:type>
                        <gmd:MD_KeywordTypeCode
                            codeList="./resources/codeList.xml#MD_KeywordTypeCode" codeListValue="theme">theme</gmd:MD_KeywordTypeCode>
                    </gmd:type>
                    <gmd:thesaurusName>
                        <gmd:CI_Citation>
                            <gmd:title>
                                <gco:CharacterString>EUROVOC 4.1</gco:CharacterString>
                            </gmd:title>
                            <gmd:date>
                                <gmd:CI_Date>
                                    <gmd:date>
                                    <gco:Date>2006-02-15</gco:Date>
                                    </gmd:date>
                                    <gmd:dateType>
                                    <gmd:CI_DateTypeCode
                                    codeList="./resources/codeList.xml#CI_DateTypeCode" codeListValue="publication">publication</gmd:CI_DateTypeCode>
                                    </gmd:dateType>
                                </gmd:CI_Date>
                            </gmd:date>
                        </gmd:CI_Citation>
                    </gmd:thesaurusName>
                </gmd:MD_Keywords>
            </gmd:descriptiveKeywords>
            <gmd:descriptiveKeywords>
                <gmd:MD_Keywords>
                    <gmd:keyword>
                        <gco:CharacterString>COUNTRIES</gco:CharacterString>
                    </gmd:keyword>
                    <gmd:keyword>
                        <gco:CharacterString>PORTUGAL</gco:CharacterString>
                    </gmd:keyword>
                    <gmd:type>
                        <gmd:MD_KeywordTypeCode
                            codeList="./resources/codeList.xml#MD_KeywordTypeCode" codeListValue="place">place</gmd:MD_KeywordTypeCode>
                    </gmd:type>
                    <gmd:thesaurusName>
                        <gmd:CI_Citation>
                            <gmd:title>
                                <gco:CharacterString>CEOLocation</gco:CharacterString>
                            </gmd:title>
                            <gmd:date>
                                <gmd:CI_Date>
                                    <gmd:date>
                                    <gco:Date>2013-07-16</gco:Date>
                                    </gmd:date>
                                    <gmd:dateType>
                                    <gmd:CI_DateTypeCode
                                    codeList="./resources/codeList.xml#CI_DateTypeCode" codeListValue="publication">publication</gmd:CI_DateTypeCode>
                                    </gmd:dateType>
                                </gmd:CI_Date>
                            </gmd:date>
                        </gmd:CI_Citation>
                    </gmd:thesaurusName>
                </gmd:MD_Keywords>
            </gmd:descriptiveKeywords>
            <gmd:descriptiveKeywords>
                <gmd:MD_Keywords>
                    <gmd:keyword>
                        <gco:CharacterString>MEDIO AMBIENTE</gco:CharacterString>
                    </gmd:keyword>
                    <gmd:keyword>
                        <gco:CharacterString>medio natural</gco:CharacterString>
                    </gmd:keyword>
                    <gmd:keyword>
                        <gco:CharacterString>entorno físico</gco:CharacterString>
                    </gmd:keyword>
                    <gmd:type>
                        <gmd:MD_KeywordTypeCode
                            codeList="./resources/codeList.xml#MD_KeywordTypeCode" codeListValue="theme">theme</gmd:MD_KeywordTypeCode>
                    </gmd:type>
                    <gmd:thesaurusName>
                        <gmd:CI_Citation>
                            <gmd:title>
                                <gco:CharacterString>EUROVOC 4.1</gco:CharacterString>
                            </gmd:title>
                            <gmd:date>
                                <gmd:CI_Date>
                                    <gmd:date>
                                    <gco:Date>2006-02-15</gco:Date>
                                    </gmd:date>
                                    <gmd:dateType>
                                    <gmd:CI_DateTypeCode
                                    codeList="./resources/codeList.xml#CI_DateTypeCode" codeListValue="publication">publication</gmd:CI_DateTypeCode>
                                    </gmd:dateType>
                                </gmd:CI_Date>
                            </gmd:date>
                        </gmd:CI_Citation>
                    </gmd:thesaurusName>
                </gmd:MD_Keywords>
            </gmd:descriptiveKeywords>
            <gmd:descriptiveKeywords>
                <gmd:MD_Keywords>
                    <gmd:keyword>
                        <gco:CharacterString>MEDIO NATURAL, MEDIO ANTRÓPICO</gco:CharacterString>
                    </gmd:keyword>
                    <gmd:keyword>
                        <gco:CharacterString>MEDIO AMBIENTE (medio natural, medio antrópico)</gco:CharacterString>
                    </gmd:keyword>
                    <gmd:keyword>
                        <gco:CharacterString>medio ambiente</gco:CharacterString>
                    </gmd:keyword>
                    <gmd:keyword>
                        <gco:CharacterString>medio natural</gco:CharacterString>
                    </gmd:keyword>
                    <gmd:type>
                        <gmd:MD_KeywordTypeCode
                            codeList="./resources/codeList.xml#MD_KeywordTypeCode" codeListValue="theme">theme</gmd:MD_KeywordTypeCode>
                    </gmd:type>
                    <gmd:thesaurusName>
                        <gmd:CI_Citation>
                            <gmd:title>
                                <gco:CharacterString>GEMET</gco:CharacterString>
                            </gmd:title>
                            <gmd:date>
                                <gmd:CI_Date>
                                    <gmd:date>
                                    <gco:Date>2006-02-15</gco:Date>
                                    </gmd:date>
                                    <gmd:dateType>
                                    <gmd:CI_DateTypeCode
                                    codeList="./resources/codeList.xml#CI_DateTypeCode" codeListValue="publication">publication</gmd:CI_DateTypeCode>
                                    </gmd:dateType>
                                </gmd:CI_Date>
                            </gmd:date>
                        </gmd:CI_Citation>
                    </gmd:thesaurusName>
                </gmd:MD_Keywords>
            </gmd:descriptiveKeywords>
            <gmd:resourceSpecificUsage>
                <gmd:MD_Usage>
                    <gmd:specificUsage>
                        <gco:CharacterString>Todo tipo de usuarios (empresas, administraciones, etc).</gco:CharacterString>
                    </gmd:specificUsage>
                    <gmd:userContactInfo>
                        <gmd:CI_ResponsibleParty>
                            <gmd:individualName gco:nilReason="inapplicable"/>
                            <gmd:organisationName>
                                <gco:CharacterString>D.G. de Transportes, Ordenación del Territorio y Urbanismo. Consejería de Fomento, Vivienda, Ordenación del Territorio y Turismo. GOBIERNO DE EXTREMADURA</gco:CharacterString>
                            </gmd:organisationName>
                            <gmd:positionName gco:nilReason="inapplicable"/>
                            <gmd:role>
                                <gmd:CI_RoleCode
                                    codeList="./resources/codeList.xml#CI_RoleCode" codeListValue="originator">originator</gmd:CI_RoleCode>
                            </gmd:role>
                        </gmd:CI_ResponsibleParty>
                    </gmd:userContactInfo>
                </gmd:MD_Usage>
            </gmd:resourceSpecificUsage>
            <gmd:resourceConstraints>
                <gmd:MD_LegalConstraints>
                    <gmd:useLimitation>
                        <gco:CharacterString>Licencia</gco:CharacterString>
                    </gmd:useLimitation>
                    <gmd:accessConstraints>
                        <gmd:MD_RestrictionCode
                            codeList="./resources/codeList.xml#MD_RestrictionCode" codeListValue="license">license</gmd:MD_RestrictionCode>
                    </gmd:accessConstraints>
                    <gmd:useConstraints>
                        <gmd:MD_RestrictionCode
                            codeList="./resources/codeList.xml#MD_RestrictionCode" codeListValue="license">license</gmd:MD_RestrictionCode>
                    </gmd:useConstraints>
                    <gmd:otherConstraints gco:nilReason="inapplicable"/>
                </gmd:MD_LegalConstraints>
            </gmd:resourceConstraints>
            <gmd:resourceConstraints>
                <gmd:MD_SecurityConstraints>
                    <gmd:useLimitation>
                        <gco:CharacterString>LICENCIA DE USO, LIMITADA, NO TRANSFERIBLE Y NO EXCLUSIVA. 1) Prohibida la reproducción comercial de esta información geográfica y su distribución a terceros. 2) Para la reproducción, distribución, comunicación pública y transformación se debe pedir una autorización EXPRESA Y ESCRITA a la Dirección General de Transportes, Ordenación del Territorio y Urbanismo. Consejería de Fomento, Vivienda, Ordenación del Territorio y Turismo. GOBIERNO DE EXTREMADURA. 3) Se deben leer y comprender perfectamente los metadatos antes de usar los datos. 4) El Gobierno de Extremadura no se responsabiliza de los daños directos o indirectos que pudieran producirse por la inexactitud de la información cartográfica suministrada. 5) Si se usa esta información geográfica como fuente, se deben citar como autores y copropietarios: Proyecto POCTEP OTALEX C (Observatorio Territorial y Ambiental Alentejo Extremadura Centro). Dirección General de Transportes, Ordenación del Territorio y Urbanismo. Consejería de Fomento, Vivienda, Ordenación del Territorio y Turismo. GOBIERNO DE EXTREMADURA. (España).</gco:CharacterString>
                    </gmd:useLimitation>
                    <gmd:classification>
                        <gmd:MD_ClassificationCode
                            codeList="./resources/codeList.xml#MD_ClassificationCode" codeListValue="Desclasificado">Desclasificado</gmd:MD_ClassificationCode>
                    </gmd:classification>
                </gmd:MD_SecurityConstraints>
            </gmd:resourceConstraints>
            <gmd:aggregationInfo>
                <gmd:MD_AggregateInformation>
                    <gmd:aggregateDataSetName>
                        <gmd:CI_Citation>
                            <gmd:title>
                                <gco:CharacterString>Sistema de Indicadores de OTALEX C (SIO). Sistema de referencia ETRS89. (Gobierno de Extremadura).</gco:CharacterString>
                            </gmd:title>
                            <gmd:alternateTitle>
                                <gco:CharacterString>SIO. ETRS89. (DGTOTU)</gco:CharacterString>
                            </gmd:alternateTitle>
                            <gmd:date>
                                <gmd:CI_Date>
                                    <gmd:date>
                                    <gco:Date>2013-06-30</gco:Date>
                                    </gmd:date>
                                    <gmd:dateType>
                                    <gmd:CI_DateTypeCode
                                    codeList="./resources/codeList.xml#CI_DateTypeCode" codeListValue="creation">creation</gmd:CI_DateTypeCode>
                                    </gmd:dateType>
                                </gmd:CI_Date>
                            </gmd:date>
                        </gmd:CI_Citation>
                    </gmd:aggregateDataSetName>
                    <gmd:aggregateDataSetIdentifier gco:nilReason="inapplicable"/>
                    <gmd:associationType gco:nilReason="missing"/>
                </gmd:MD_AggregateInformation>
            </gmd:aggregationInfo>
            <gmd:spatialRepresentationType>
                <gmd:MD_SpatialRepresentationTypeCode
                    codeList="./resources/codeList.xml#MD_SpatialRepresentationTypeCode" codeListValue="vector">vector</gmd:MD_SpatialRepresentationTypeCode>
            </gmd:spatialRepresentationType>
            <gmd:language>
                <gmd:LanguageCode
                    codeList="./resources/codeList.xml#LanguageCode" codeListValue="es">es</gmd:LanguageCode>
            </gmd:language>
            <gmd:characterSet>
                <gmd:MD_CharacterSetCode
                    codeList="./resources/codeList.xml#MD_CharacterSetCode" codeListValue="utf8">utf8</gmd:MD_CharacterSetCode>
            </gmd:characterSet>
            <gmd:topicCategory>
                <gmd:MD_TopicCategoryCode>imageryBaseMapsEarthCover</gmd:MD_TopicCategoryCode>
            </gmd:topicCategory>
            <gmd:extent>
                <gmd:EX_Extent>
                    <gmd:description gco:nilReason="inapplicable"/>
                    <gmd:geographicElement>
                        <gmd:EX_GeographicBoundingBox>
                            <gmd:extentTypeCode>
                                <gco:Boolean>true</gco:Boolean>
                            </gmd:extentTypeCode>
                            <gmd:westBoundLongitude>
                                <gco:Decimal>-9.040260</gco:Decimal>
                            </gmd:westBoundLongitude>
                            <gmd:eastBoundLongitude>
                                <gco:Decimal>-4.647577</gco:Decimal>
                            </gmd:eastBoundLongitude>
                            <gmd:southBoundLatitude>
                                <gco:Decimal>37.319051</gco:Decimal>
                            </gmd:southBoundLatitude>
                            <gmd:northBoundLatitude>
                                <gco:Decimal>41.037485</gco:Decimal>
                            </gmd:northBoundLatitude>
                        </gmd:EX_GeographicBoundingBox>
                    </gmd:geographicElement>
                    <gmd:temporalElement gco:nilReason="inapplicable"/>
                    <gmd:verticalElement gco:nilReason="inapplicable"/>
                </gmd:EX_Extent>
            </gmd:extent>
        </gmd:MD_DataIdentification>
    </gmd:identificationInfo>
    <gmd:distributionInfo>
        <gmd:MD_Distribution>
            <gmd:distributionFormat>
                <gmd:MD_Format>
                    <gmd:name>
                        <gco:CharacterString>SHP</gco:CharacterString>
                    </gmd:name>
                    <gmd:version>
                        <gco:CharacterString>-</gco:CharacterString>
                    </gmd:version>
                </gmd:MD_Format>
            </gmd:distributionFormat>
            <gmd:distributor>
                <gmd:MD_Distributor>
                    <gmd:distributorContact>
                        <gmd:CI_ResponsibleParty>
                            <gmd:individualName>
                                <gco:CharacterString>Cuarto Delgado, Mª del Puerto</gco:CharacterString>
                            </gmd:individualName>
                            <gmd:organisationName>
                                <gco:CharacterString>D.G. de Transportes, Ordenación del Territorio y Urbanismo. Consejería de Fomento, Vivienda, Ordenación del Territorio y Turismo. GOBIERNO DE EXTREMADURA.</gco:CharacterString>
                            </gmd:organisationName>
                            <gmd:positionName gco:nilReason="inapplicable"/>
                            <gmd:contactInfo>
                                <gmd:CI_Contact>
                                    <gmd:phone>
                                    <gmd:CI_Telephone>
                                    <gmd:voice>
                                    <gco:CharacterString>(+34) 924332000</gco:CharacterString>
                                    </gmd:voice>
                                    <gmd:facsimile>
                                    <gco:CharacterString>(+34) 924332053</gco:CharacterString>
                                    </gmd:facsimile>
                                    </gmd:CI_Telephone>
                                    </gmd:phone>
                                    <gmd:address>
                                    <gmd:CI_Address>
                                    <gmd:deliveryPoint>
                                    <gco:CharacterString>Avenida de las Comunidades, s/n</gco:CharacterString>
                                    </gmd:deliveryPoint>
                                    <gmd:city>
                                    <gco:CharacterString>Mérida</gco:CharacterString>
                                    </gmd:city>
                                    <gmd:administrativeArea>
                                    <gco:CharacterString>Badajoz</gco:CharacterString>
                                    </gmd:administrativeArea>
                                    <gmd:postalCode>
                                    <gco:CharacterString>06800</gco:CharacterString>
                                    </gmd:postalCode>
                                    <gmd:country>
                                    <gco:CharacterString>España</gco:CharacterString>
                                    </gmd:country>
                                    <gmd:electronicMailAddress>
                                    <gco:CharacterString>mariadelpuerto.cuarto@juntaextremadura.net</gco:CharacterString>
                                    </gmd:electronicMailAddress>
                                    </gmd:CI_Address>
                                    </gmd:address>
                                    <gmd:hoursOfService>
                                    <gco:CharacterString>De Lunes a Viernes: 9:00-14:00. (GMT+01:00) Madrid. </gco:CharacterString>
                                    </gmd:hoursOfService>
                                </gmd:CI_Contact>
                            </gmd:contactInfo>
                            <gmd:role>
                                <gmd:CI_RoleCode
                                    codeList="./resources/codeList.xml#CI_RoleCode" codeListValue="distributor">distributor</gmd:CI_RoleCode>
                            </gmd:role>
                        </gmd:CI_ResponsibleParty>
                    </gmd:distributorContact>
                    <gmd:distributorFormat gco:nilReason="inapplicable"/>
                </gmd:MD_Distributor>
            </gmd:distributor>
            <gmd:transferOptions>
                <gmd:MD_DigitalTransferOptions>
                    <gmd:onLine>
                        <gmd:CI_OnlineResource>
                            <gmd:linkage>
                                <gmd:URL>http://www.ideotalex.eu/</gmd:URL>
                            </gmd:linkage>
                        </gmd:CI_OnlineResource>
                    </gmd:onLine>
                    <gmd:offLine>
                        <gmd:MD_Medium>
                            <gmd:name>
                                <gco:CharacterString>Dvd</gco:CharacterString>
                            </gmd:name>
                            <gmd:densityUnits>
                                <gco:CharacterString>shp</gco:CharacterString>
                            </gmd:densityUnits>
                        </gmd:MD_Medium>
                    </gmd:offLine>
                </gmd:MD_DigitalTransferOptions>
            </gmd:transferOptions>
        </gmd:MD_Distribution>
    </gmd:distributionInfo>
    <gmd:dataQualityInfo>
        <gmd:DQ_DataQuality>
            <gmd:scope>
                <gmd:DQ_Scope>
                    <gmd:level>
                        <gmd:MD_ScopeCode
                            codeList="./resources/codeList.xml#MD_ScopeCode" codeListValue="Conjunto de datos">Conjunto de datos</gmd:MD_ScopeCode>
                    </gmd:level>
                    <gmd:levelDescription gco:nilReason="inapplicable"/>
                </gmd:DQ_Scope>
            </gmd:scope>
            <gmd:report gco:nilReason="inapplicable"/>
            <gmd:lineage>
                <gmd:LI_Lineage>
                    <gmd:statement>
                        <gco:CharacterString>Se ha aplicado los siguientes metodología: 1. Propuesta de Indicadores del Sistema de Indicadores; 2. Propuesta Metodológica de obtención de datos comparables de los indicadores propuestos; 3. Búsqueda de las fuentes de obtención de los datos de los indicadores propuestos; 4. Puesta en común de los datos resultantes en las tres regiones transfronterizas de OTALEX C (Alentejo, Centro y Extremadura); 5. Depuración de los indicadores que son o no comparables en Extremadura, Alentejo y Centro; 6. Consolidación de los indicadores comparables entre estas regiones hispano-lusas; 7. Unificación de las escalas y de las unidades de los datos de los indicadores comunes comparables; 8. Consolidación metodológica general para la obtención de los datos definitivos de los indicadores; 9. Homogeneización del formato digital de los datos de los indicadores de ambos lados de la frontera; 10. Georreferenciación de los datos alfanuméricos de los indicadores resultantes; 11. Unificación de datos definitivos procendentes de Portugal y de España; 12. Creación de los mapas temáticos del área OTALEX C; 13. Creación de los metadatos de la información geográfica resultante común entre Extremadura, Alentejo y Centro; 14. Subida, carga y publicación de la información temática georreferenciada del ámbito de la IDE OTALEX; 15. Subida, carga y publicación de los metadatos de la información georreferenciada del Sistema de Indicadores Ambientales de Sostenibilidad del ámbito de la IDE OTALEX.</gco:CharacterString>
                    </gmd:statement>
                    <gmd:processStep gco:nilReason="inapplicable"/>
                    <gmd:source gco:nilReason="inapplicable"/>
                </gmd:LI_Lineage>
            </gmd:lineage>
        </gmd:DQ_DataQuality>
    </gmd:dataQualityInfo>
    <gmd:metadataConstraints>
        <gmd:MD_LegalConstraints>
            <gmd:accessConstraints>
                <gmd:MD_RestrictionCode
                    codeList="./resources/codeList.xml#MD_RestrictionCode" codeListValue="Licencia">Licencia</gmd:MD_RestrictionCode>
            </gmd:accessConstraints>
            <gmd:useConstraints>
                <gmd:MD_RestrictionCode
                    codeList="./resources/codeList.xml#MD_RestrictionCode" codeListValue="license">license</gmd:MD_RestrictionCode>
            </gmd:useConstraints>
            <gmd:otherConstraints gco:nilReason="inapplicable"/>
        </gmd:MD_LegalConstraints>
    </gmd:metadataConstraints>
    <gmd:metadataConstraints>
        <gmd:MD_SecurityConstraints>
            <gmd:classification>
                <gmd:MD_ClassificationCode
                    codeList="./resources/codeList.xml#MD_ClassificationCode" codeListValue="unclassified">unclassified</gmd:MD_ClassificationCode>
            </gmd:classification>
        </gmd:MD_SecurityConstraints>
    </gmd:metadataConstraints>
    <gmd:applicationSchemaInfo>
        <gmd:MD_ApplicationSchemaInformation>
            <gmd:name>
                <gmd:CI_Citation>
                    <gmd:title>
                        <gco:CharacterString>Sistema de indicadores de OTALEX C.</gco:CharacterString>
                    </gmd:title>
                    <gmd:date>
                        <gmd:CI_Date>
                            <gmd:date>
                                <gco:Date>2013-06-30</gco:Date>
                            </gmd:date>
                            <gmd:dateType>
                                <gmd:CI_DateTypeCode
                                    codeList="./resources/codeList.xml#CI_DateTypeCode" codeListValue="creation">creation</gmd:CI_DateTypeCode>
                            </gmd:dateType>
                        </gmd:CI_Date>
                    </gmd:date>
                </gmd:CI_Citation>
            </gmd:name>
            <gmd:schemaLanguage>
                <gco:CharacterString>-</gco:CharacterString>
            </gmd:schemaLanguage>
            <gmd:constraintLanguage>
                <gco:CharacterString>-</gco:CharacterString>
            </gmd:constraintLanguage>
            <gmd:schemaAscii>
                <gco:CharacterString>&lt;?xml version="1.0" encoding="ISO-8859-1"?&gt; &lt;eainfo/&gt;</gco:CharacterString>
            </gmd:schemaAscii>
        </gmd:MD_ApplicationSchemaInformation>
    </gmd:applicationSchemaInfo>
    <gmd:metadataMaintenance>
        <gmd:MD_MaintenanceInformation>
            <gmd:maintenanceAndUpdateFrequency>
                <gmd:MD_MaintenanceFrequencyCode
                    codeList="./resources/codeList.xml#MD_MaintenanceFrequencyCode" codeListValue=" "/>
            </gmd:maintenanceAndUpdateFrequency>
        </gmd:MD_MaintenanceInformation>
    </gmd:metadataMaintenance>
</gmd:MD_Metadata>
