<?xml version="1.0" encoding="UTF-8"?>
<metadata xml:lang="pt"><Esri><CreaDate>20130319</CreaDate><CreaTime>09334300</CreaTime><SyncOnce>FALSE</SyncOnce><SyncDate>20121205</SyncDate><SyncTime>10223500</SyncTime><ModDate>20121205</ModDate><ModTime>10223500</ModTime><DataProperties><lineage><Process ToolSource="C:\Program Files\ArcGIS\ArcToolbox\Toolboxes\Conversion Tools.tbx\FeatureClassToFeatureClass" Date="20100510" Time="154427">FeatureClassToFeatureClass J:\clc6_pt_es\clc_final_al_ex\dominios\clc_00_spart_join.shp J:\dados_otalex\otalexII.mdb\uso_solo clc_00_n3 # "Code_00 'Code_00' true true false 3 Text 0 0 ,First,#,J:\clc6_pt_es\clc_final_al_ex\dominios\clc_00_spart_join.shp,Code_00,-1,-1;ORIG_FID 'ORIG_FID' true true false 9 Long 0 9 ,First,#,J:\clc6_pt_es\clc_final_al_ex\dominios\clc_00_spart_join.shp,ORIG_FID,-1,-1;OID_ 'OID_' true true false 9 Long 0 9 ,First,#,J:\clc6_pt_es\clc_final_al_ex\dominios\clc_00_spart_join.shp,OID_,-1,-1;CODE_001 'CODE_001' true true false 3 Short 0 3 ,First,#,J:\clc6_pt_es\clc_final_al_ex\dominios\clc_00_spart_join.shp,CODE_001,-1,-1;LEYENDA_ES 'LEYENDA_ES' true true false 29 Text 0 0 ,First,#,J:\clc6_pt_es\clc_final_al_ex\dominios\clc_00_spart_join.shp,LEYENDA_ES,-1,-1;LEGENDA_PT 'LEGENDA_PT' true true false 31 Text 0 0 ,First,#,J:\clc6_pt_es\clc_final_al_ex\dominios\clc_00_spart_join.shp,LEGENDA_PT,-1,-1;GRUPOS 'GRUPOS' true true false 1 Short 0 1 ,First,#,J:\clc6_pt_es\clc_final_al_ex\dominios\clc_00_spart_join.shp,GRUPOS,-1,-1;code00_txt 'code00_txt' true true false 10 Text 0 0 ,First,#,J:\clc6_pt_es\clc_final_al_ex\dominios\clc_00_spart_join.shp,code00_txt,-1,-1;domin_es 'domin_es' true true false 100 Text 0 0 ,First,#,J:\clc6_pt_es\clc_final_al_ex\dominios\clc_00_spart_join.shp,domin_es,-1,-1;domin_pt 'domin_pt' true true false 100 Text 0 0 ,First,#,J:\clc6_pt_es\clc_final_al_ex\dominios\clc_00_spart_join.shp,domin_pt,-1,-1;Hectares 'Hectares' true true false 19 Double 0 0 ,First,#,J:\clc6_pt_es\clc_final_al_ex\dominios\clc_00_spart_join.shp,Hectares,-1,-1" # J:\dados_otalex\otalexII.mdb\uso_solo\clc_00_n3</Process><Process ToolSource="C:\Program Files (x86)\ArcGIS\ArcToolbox\Toolboxes\Data Management Tools.tbx\CopyFeatures" Date="20120528" Time="120833">CopyFeatures C:\Users\lab_sig64\Desktop\OTALEX_C\GDB_OTALEXC\Cartog_trab\uso_solo_CLC\finais\clc_00_n3_OTA_II.shp C:\Users\lab_sig64\Desktop\OTALEX_C\GDB_OTALEXC\otalex_C.mdb\A_uso_do_solo\clc_00_n3_OTA_II # 0 0 0</Process><Process ToolSource="C:\Program Files (x86)\ArcGIS\ArcToolbox\Toolboxes\Analysis Tools.tbx\Erase" Date="20120716" Time="121209">Erase clc_00_n3_OTA_II CLC00_PT_otalex C:\Users\lab_sig64\Desktop\OTALEX_C\GDB_OTALEXC\otalex_C.mdb\A_uso_do_solo\clc_00_n3_OTA_II_bom #</Process><Process ToolSource="C:\Program Files (x86)\ArcGIS\ArcToolbox\Toolboxes\Data Management Tools.tbx\Merge" Date="20120716" Time="130125">Merge clc_00_n3_OTA_II_bom;CLC00_PT_otalex C:\Users\lab_sig64\Desktop\OTALEX_C\GDB_OTALEXC\otalex_C.mdb\A_uso_do_solo\clc_00_n3_OTA_C_Merge "OBJECTID 'OBJECTID' true true false 4 Long 0 0 ,First,#,clc_00_n3_OTA_II_bom,OBJECTID,-1,-1,CLC00_PT_otalex,OBJECTID,-1,-1;Code_00 'Code_00' true true false 3 Text 0 0 ,First,#,clc_00_n3_OTA_II_bom,Code_00,-1,-1,CLC00_PT_otalex,Code_00,-1,-1;ORIG_FID 'ORIG_FID' true true false 4 Long 0 0 ,First,#,clc_00_n3_OTA_II_bom,ORIG_FID,-1,-1,CLC00_PT_otalex,ORIG_FID,-1,-1;OID_ 'OID_' true true false 4 Long 0 0 ,First,#,clc_00_n3_OTA_II_bom,OID_,-1,-1;CODE_001 'CODE_001' true true false 2 Short 0 0 ,First,#,clc_00_n3_OTA_II_bom,CODE_001,-1,-1;LEYENDA_ES 'LEYENDA_ES' true true false 29 Text 0 0 ,First,#,clc_00_n3_OTA_II_bom,LEYENDA_ES,-1,-1;LEGENDA_PT 'LEGENDA_PT' true true false 31 Text 0 0 ,First,#,clc_00_n3_OTA_II_bom,LEGENDA_PT,-1,-1;GRUPOS 'GRUPOS' true true false 2 Short 0 0 ,First,#,clc_00_n3_OTA_II_bom,GRUPOS,-1,-1,CLC00_PT_otalex,GRUPOS,-1,-1;code00_txt 'code00_txt' true true false 10 Text 0 0 ,First,#,clc_00_n3_OTA_II_bom,code00_txt,-1,-1;domin_es 'domin_es' true true false 100 Text 0 0 ,First,#,clc_00_n3_OTA_II_bom,domin_es,-1,-1,CLC00_PT_otalex,DOMIN_ES,-1,-1;domin_pt 'domin_pt' true true false 100 Text 0 0 ,First,#,clc_00_n3_OTA_II_bom,domin_pt,-1,-1,CLC00_PT_otalex,DOMIN_PT,-1,-1;Hectares 'Hectares' true true false 8 Double 0 0 ,First,#,clc_00_n3_OTA_II_bom,Hectares,-1,-1;Shape_Leng 'Shape_Leng' true true false 8 Double 0 0 ,First,#,clc_00_n3_OTA_II_bom,Shape_Leng,-1,-1,CLC00_PT_otalex,Shape_Leng,-1,-1;Shape_Length 'Shape_Length' false true true 8 Double 0 0 ,First,#,clc_00_n3_OTA_II_bom,Shape_Length,-1,-1;Shape_Area 'Shape_Area' false true true 8 Double 0 0 ,First,#,clc_00_n3_OTA_II_bom,Shape_Area,-1,-1,CLC00_PT_otalex,Shape_Area,-1,-1;ID 'ID' true true false 18 Text 0 0 ,First,#,CLC00_PT_otalex,ID,-1,-1;Area_ha 'Area_ha' true true false 19 Double 0 0 ,First,#,CLC00_PT_otalex,Area_ha,-1,-1;Remark 'Remark' true true false 20 Text 0 0 ,First,#,CLC00_PT_otalex,Remark,-1,-1;LEGENDA 'LEGENDA' true true false 50 Text 0 0 ,First,#,CLC00_PT_otalex,LEGENDA,-1,-1;LEG 'LEG' true true false 80 Text 0 0 ,First,#,CLC00_PT_otalex,LEG,-1,-1"</Process><Process ToolSource="C:\Program Files (x86)\ArcGIS\ArcToolbox\Toolboxes\Data Management Tools.tbx\Merge" Date="20120716" Time="160150">Merge clc_00_n3_OTA_C_Merge;utput C:\Users\lab_sig64\Desktop\OTALEX_C\GDB_OTALEXC\otalex_C.mdb\A_uso_do_solo\clc_00_n3_OTALEX_C "OBJECTID 'OBJECTID' true true false 4 Long 0 0 ,First,#,clc_00_n3_OTA_C_Merge,OBJECTID,-1,-1;Code_00 'Code_00' true true false 3 Text 0 0 ,First,#,clc_00_n3_OTA_C_Merge,Code_00,-1,-1;ORIG_FID 'ORIG_FID' true true false 4 Long 0 0 ,First,#,clc_00_n3_OTA_C_Merge,ORIG_FID,-1,-1;OID_ 'OID_' true true false 4 Long 0 0 ,First,#,clc_00_n3_OTA_C_Merge,OID_,-1,-1;CODE_001 'CODE_001' true true false 2 Short 0 0 ,First,#,clc_00_n3_OTA_C_Merge,CODE_001,-1,-1;LEYENDA_ES 'LEYENDA_ES' true true false 29 Text 0 0 ,First,#,clc_00_n3_OTA_C_Merge,LEYENDA_ES,-1,-1;LEGENDA_PT 'LEGENDA_PT' true true false 31 Text 0 0 ,First,#,clc_00_n3_OTA_C_Merge,LEGENDA_PT,-1,-1;GRUPOS 'GRUPOS' true true false 2 Short 0 0 ,First,#,clc_00_n3_OTA_C_Merge,GRUPOS,-1,-1;code00_txt 'code00_txt' true true false 10 Text 0 0 ,First,#,clc_00_n3_OTA_C_Merge,code00_txt,-1,-1;domin_es 'domin_es' true true false 100 Text 0 0 ,First,#,clc_00_n3_OTA_C_Merge,domin_es,-1,-1;domin_pt 'domin_pt' true true false 100 Text 0 0 ,First,#,clc_00_n3_OTA_C_Merge,domin_pt,-1,-1;Hectares 'Hectares' true true false 8 Double 0 0 ,First,#,clc_00_n3_OTA_C_Merge,Hectares,-1,-1;Shape_Leng 'Shape_Leng' true true false 8 Double 0 0 ,First,#,clc_00_n3_OTA_C_Merge,Shape_Leng,-1,-1,utput,Shape_Leng,-1,-1;ID 'ID' true true false 18 Text 0 0 ,First,#,clc_00_n3_OTA_C_Merge,ID,-1,-1,utput,ID,-1,-1;Area_ha 'Area_ha' true true false 8 Double 0 0 ,First,#,clc_00_n3_OTA_C_Merge,Area_ha,-1,-1;Remark 'Remark' true true false 20 Text 0 0 ,First,#,clc_00_n3_OTA_C_Merge,Remark,-1,-1;LEGENDA 'LEGENDA' true true false 50 Text 0 0 ,First,#,clc_00_n3_OTA_C_Merge,LEGENDA,-1,-1;LEG 'LEG' true true false 80 Text 0 0 ,First,#,clc_00_n3_OTA_C_Merge,LEG,-1,-1;Shape_Length 'Shape_Length' false true true 8 Double 0 0 ,First,#,clc_00_n3_OTA_C_Merge,Shape_Length,-1,-1;Shape_Area 'Shape_Area' false true true 8 Double 0 0 ,First,#,clc_00_n3_OTA_C_Merge,Shape_Area,-1,-1,utput,Shape_Area,-1,-1"</Process><Process ToolSource="C:\Program Files (x86)\ArcGIS\Desktop10.0\ArcToolbox\Toolboxes\Data Management Tools.tbx\Dissolve" Date="20121204" Time="181157">Dissolve CLC_00_OTALEX_C C:\Users\Labsigcad\Documents\ArcGIS\Default.gdb\CLC_00_OTALEX_C_Dissolve Code_00;LEYENDA_ES;LEGENDA_PT;GRUPOS;domin_es;domin_pt;LEG # MULTI_PART DISSOLVE_LINES</Process><Process ToolSource="C:\Program Files (x86)\ArcGIS\Desktop10.0\ArcToolbox\Toolboxes\Data Management Tools.tbx\CalculateField" Date="20121204" Time="184649">CalculateField CLC_00_OTALEX_C_Dissolve domin_es "Superficies Artificiales" VB #</Process><Process ToolSource="C:\Program Files (x86)\ArcGIS\Desktop10.0\ArcToolbox\Toolboxes\Data Management Tools.tbx\CalculateField" Date="20121204" Time="184716">CalculateField CLC_00_OTALEX_C_Dissolve domin_pt "Superfícies Artificiais" VB #</Process><Process ToolSource="C:\Program Files (x86)\ArcGIS\Desktop10.0\ArcToolbox\Toolboxes\Data Management Tools.tbx\CalculateField" Date="20121204" Time="184751">CalculateField CLC_00_OTALEX_C_Dissolve domin_es "Dominios Agricolas de Secano" VB #</Process><Process ToolSource="C:\Program Files (x86)\ArcGIS\Desktop10.0\ArcToolbox\Toolboxes\Data Management Tools.tbx\CalculateField" Date="20121204" Time="184817">CalculateField CLC_00_OTALEX_C_Dissolve domin_pt "Domínios Agrícolas de Sequeiro" VB #</Process><Process ToolSource="C:\Program Files (x86)\ArcGIS\Desktop10.0\ArcToolbox\Toolboxes\Data Management Tools.tbx\CalculateField" Date="20121204" Time="184917">CalculateField CLC_00_OTALEX_C_Dissolve domin_es "Dominios Agricolas de Regadio" VB #</Process><Process ToolSource="C:\Program Files (x86)\ArcGIS\Desktop10.0\ArcToolbox\Toolboxes\Data Management Tools.tbx\CalculateField" Date="20121204" Time="184951">CalculateField CLC_00_OTALEX_C_Dissolve domin_pt "Domínios Agrícolas de Regadio" VB #</Process><Process ToolSource="C:\Program Files (x86)\ArcGIS\Desktop10.0\ArcToolbox\Toolboxes\Data Management Tools.tbx\CalculateField" Date="20121204" Time="185437">CalculateField CLC_00_OTALEX_C_Dissolve domin_es "Dominios Arbolados y Monte Mediterráneo" VB #</Process><Process ToolSource="C:\Program Files (x86)\ArcGIS\Desktop10.0\ArcToolbox\Toolboxes\Data Management Tools.tbx\CalculateField" Date="20121204" Time="185509">CalculateField CLC_00_OTALEX_C_Dissolve domin_pt "Domínios de Floresta Mediterrânica" VB #</Process><Process ToolSource="C:\Program Files (x86)\ArcGIS\Desktop10.0\ArcToolbox\Toolboxes\Data Management Tools.tbx\CalculateField" Date="20121204" Time="185607">CalculateField CLC_00_OTALEX_C_Dissolve domin_es "Dominio de Pastizales y Espacios Abiertos" VB #</Process><Process ToolSource="C:\Program Files (x86)\ArcGIS\Desktop10.0\ArcToolbox\Toolboxes\Data Management Tools.tbx\CalculateField" Date="20121204" Time="185632">CalculateField CLC_00_OTALEX_C_Dissolve domin_pt "Domínio de Pastagens e Vegetação Escassa" VB #</Process><Process ToolSource="C:\Program Files (x86)\ArcGIS\Desktop10.0\ArcToolbox\Toolboxes\Data Management Tools.tbx\Dissolve" Date="20121205" Time="101240">Dissolve CLC_00_OTALEX_C_Dissolve C:\Users\Labsigcad\Documents\ArcGIS\Default.gdb\CLC_00_OTALEX_C_Dissolve_Dis1 Code_00;LEYENDA_ES;LEGENDA_PT;GRUPOS;domin_es;domin_pt;LEG # MULTI_PART DISSOLVE_LINES</Process><Process ToolSource="C:\Program Files (x86)\ArcGIS\Desktop10.0\ArcToolbox\Toolboxes\Data Management Tools.tbx\MultipartToSinglepart" Date="20121205" Time="102241">MultipartToSinglepart CLC_00_OTALEX_C_diss_clc C:\Users\Labsigcad\Desktop\clc_leg_pt_es\CLC_00_OTALEX_C1.shp</Process><Process Name="Project_1" ToolSource="C:\Archivos de programa\ArcGIS\ArcToolbox\Toolboxes\Data Management Tools.tbx\Project" Date="20130319" Time="093343">Project CLC_00_OTALEX_C C:\OTALEX-C\ATLAS_OTALEX-C\Capas_Suzete\CLC_00_OTALEX_C_etrs89-h29.shp PROJCS['ETRS_1989_UTM_Zone_29N',GEOGCS['GCS_ETRS_1989',DATUM['D_ETRS_1989',SPHEROID['GRS_1980',6378137.0,298.257222101]],PRIMEM['Greenwich',0.0],UNIT['Degree',0.0174532925199433]],PROJECTION['Transverse_Mercator'],PARAMETER['False_Easting',500000.0],PARAMETER['False_Northing',0.0],PARAMETER['Central_Meridian',-9.0],PARAMETER['Scale_Factor',0.9996],PARAMETER['Latitude_Of_Origin',0.0],UNIT['Meter',1.0]] # PROJCS['ETRS_1989_TM06-Portugal',GEOGCS['GCS_ETRS_1989',DATUM['D_ETRS_1989',SPHEROID['GRS_1980',6378137.0,298.257222101]],PRIMEM['Greenwich',0.0],UNIT['Degree',0.0174532925199433]],PROJECTION['Transverse_Mercator'],PARAMETER['False_Easting',0.0],PARAMETER['False_Northing',0.0],PARAMETER['Central_Meridian',-8.133108333333333],PARAMETER['Scale_Factor',1.0],PARAMETER['Latitude_Of_Origin',39.66825833333333],UNIT['Meter',1.0]]</Process></lineage><itemProps><itemName Sync="TRUE">CLC_00_OTALEX_C1</itemName><imsContentType Sync="TRUE">002</imsContentType><itemLocation><linkage Sync="TRUE">file://\\LABSIGCAD_21\Users\Labsigcad\Desktop\clc_leg_pt_es\CLC_00_OTALEX_C1.shp</linkage><protocol Sync="TRUE">Local Area Network</protocol></itemLocation><itemSize Sync="TRUE">0,000</itemSize></itemProps><coordRef><type Sync="TRUE">Projected</type><geogcsn Sync="TRUE">GCS_ETRS_1989</geogcsn><projcsn Sync="TRUE">ETRS_1989_TM06-Portugal</projcsn><peXml Sync="TRUE">&lt;ProjectedCoordinateSystem xsi:type='typens:ProjectedCoordinateSystem' xmlns:xsi='http://www.w3.org/2001/XMLSchema-instance' xmlns:xs='http://www.w3.org/2001/XMLSchema' xmlns:typens='http://www.esri.com/schemas/ArcGIS/10.0'&gt;&lt;WKT&gt;PROJCS[&amp;quot;ETRS_1989_TM06-Portugal&amp;quot;,GEOGCS[&amp;quot;GCS_ETRS_1989&amp;quot;,DATUM[&amp;quot;D_ETRS_1989&amp;quot;,SPHEROID[&amp;quot;GRS_1980&amp;quot;,6378137.0,298.257222101]],PRIMEM[&amp;quot;Greenwich&amp;quot;,0.0],UNIT[&amp;quot;Degree&amp;quot;,0.0174532925199433]],PROJECTION[&amp;quot;Transverse_Mercator&amp;quot;],PARAMETER[&amp;quot;False_Easting&amp;quot;,0.0],PARAMETER[&amp;quot;False_Northing&amp;quot;,0.0],PARAMETER[&amp;quot;Central_Meridian&amp;quot;,-8.133108333333333],PARAMETER[&amp;quot;Scale_Factor&amp;quot;,1.0],PARAMETER[&amp;quot;Latitude_Of_Origin&amp;quot;,39.66825833333333],UNIT[&amp;quot;Meter&amp;quot;,1.0]]&lt;/WKT&gt;&lt;XOrigin&gt;-5623200&lt;/XOrigin&gt;&lt;YOrigin&gt;-14394800&lt;/YOrigin&gt;&lt;XYScale&gt;450265407.00157917&lt;/XYScale&gt;&lt;ZOrigin&gt;-100000&lt;/ZOrigin&gt;&lt;ZScale&gt;10000&lt;/ZScale&gt;&lt;MOrigin&gt;-100000&lt;/MOrigin&gt;&lt;MScale&gt;10000&lt;/MScale&gt;&lt;XYTolerance&gt;0.001&lt;/XYTolerance&gt;&lt;ZTolerance&gt;0.001&lt;/ZTolerance&gt;&lt;MTolerance&gt;0.001&lt;/MTolerance&gt;&lt;HighPrecision&gt;true&lt;/HighPrecision&gt;&lt;/ProjectedCoordinateSystem&gt;</peXml></coordRef></DataProperties><ArcGISFormat>1.0</ArcGISFormat><MetaID>{9F2742C9-EFA3-4EB8-8148-1244991D66E5}</MetaID></Esri><idinfo><native Sync="TRUE">Microsoft Windows Vista Version 6.1 (Build 7600) ; ESRI ArcCatalog 9.3.1.3000</native><descript><langdata Sync="TRUE">pt</langdata><abstract>REQUIRED: A brief narrative summary of the data set.</abstract><purpose>REQUIRED: A summary of the intentions with which the data set was developed.</purpose></descript><citation><citeinfo><origin>REQUIRED: The name of an organization or individual that developed the data set.</origin><pubdate>REQUIRED: The date when the data set is published or otherwise made available for release.</pubdate><title Sync="TRUE">clc_00_n3_OTALEX_C</title><ftname Sync="TRUE">clc_00_n3_OTALEX_C</ftname><geoform Sync="TRUE">vector digital data</geoform><onlink Sync="TRUE"></onlink></citeinfo></citation><timeperd><current>REQUIRED: The basis on which the time period of content information is determined.</current><timeinfo><sngdate><caldate>REQUIRED: The year (and optionally month, or month and day) for which the data set corresponds to the ground.</caldate></sngdate></timeinfo></timeperd><status><progress>REQUIRED: The state of the data set.</progress><update>REQUIRED: The frequency with which changes and additions are made to the data set after the initial data set is completed.</update></status><spdom><bounding><westbc Sync="TRUE">-9.371706</westbc><eastbc Sync="TRUE">-4.609500</eastbc><northbc Sync="TRUE">40.519825</northbc><southbc Sync="TRUE">37.269945</southbc></bounding><lboundng><leftbc Sync="TRUE">-41231.836745</leftbc><rightbc Sync="TRUE">357573.182785</rightbc><bottombc Sync="TRUE">4142307.998455</bottombc><topbc Sync="TRUE">4486813.214414</topbc></lboundng></spdom><keywords><theme><themekt>REQUIRED: Reference to a formally registered thesaurus or a similar authoritative source of theme keywords.</themekt><themekey>REQUIRED: Common-use word or phrase used to describe the subject of the data set.</themekey></theme></keywords><accconst>REQUIRED: Restrictions and legal prerequisites for accessing the data set.</accconst><useconst>REQUIRED: Restrictions and legal prerequisites for using the data set after access is granted.</useconst><natvform Sync="TRUE">Personal GeoDatabase Feature Class</natvform></idinfo><dataIdInfo><envirDesc Sync="TRUE">Microsoft Windows Server 2008 R2 Version 6.1 (Build 7601) Service Pack 1; ESRI ArcGIS 10.0.0.2414</envirDesc><dataLang><languageCode Sync="TRUE" value="por" country="PRT"></languageCode></dataLang><idCitation><resTitle Sync="TRUE">CLC_00_OTALEX_C1</resTitle><presForm><PresFormCd Sync="TRUE" value="005"></PresFormCd></presForm></idCitation><spatRpType><SpatRepTypCd Sync="TRUE" value="001"></SpatRepTypCd></spatRpType><dataExt><geoEle><GeoBndBox esriExtentType="native"><westBL Sync="TRUE">-41231.836745</westBL><eastBL Sync="TRUE">357573.182785</eastBL><northBL Sync="TRUE">4486813.214414</northBL><southBL Sync="TRUE">4142307.998455</southBL><exTypeCode Sync="TRUE">1</exTypeCode></GeoBndBox></geoEle></dataExt><geoBox esriExtentType="decdegrees"><westBL Sync="TRUE">-9.371706</westBL><eastBL Sync="TRUE">-4.6095</eastBL><northBL Sync="TRUE">40.519825</northBL><southBL Sync="TRUE">37.269945</southBL><exTypeCode Sync="TRUE">1</exTypeCode></geoBox><descKeys><thesaName uuidref="723f6998-058e-11dc-8314-0800200c9a66"></thesaName><keyword Sync="TRUE">002</keyword></descKeys></dataIdInfo><metainfo><langmeta Sync="TRUE">pt</langmeta><metstdn Sync="TRUE">FGDC Content Standards for Digital Geospatial Metadata</metstdn><metstdv Sync="TRUE">FGDC-STD-001-1998</metstdv><mettc Sync="TRUE">local time</mettc><metc><cntinfo><cntorgp><cntper>REQUIRED: The person responsible for the metadata information.</cntper><cntorg>REQUIRED: The organization responsible for the metadata information.</cntorg></cntorgp><cntaddr><addrtype>REQUIRED: The mailing and/or physical address for the organization or individual.</addrtype><city>REQUIRED: The city of the address.</city><state>REQUIRED: The state or province of the address.</state><postal>REQUIRED: The ZIP or other postal code of the address.</postal></cntaddr><cntvoice>REQUIRED: The telephone number by which individuals can speak to the organization or individual.</cntvoice></cntinfo></metc><metd Sync="TRUE">20120716</metd></metainfo><mdLang><languageCode Sync="TRUE" value="por"></languageCode></mdLang><mdStanName Sync="TRUE">ISO 19115 Geographic Information - Metadata</mdStanName><mdStanVer Sync="TRUE">DIS_ESRI1.0</mdStanVer><mdChar><CharSetCd Sync="TRUE" value="004"></CharSetCd></mdChar><mdHrLv><ScopeCd Sync="TRUE" value="005"></ScopeCd></mdHrLv><mdHrLvName Sync="TRUE">dataset</mdHrLvName><distinfo><resdesc Sync="TRUE">Downloadable Data</resdesc><stdorder><digform><digtinfo><transize Sync="TRUE">42,753</transize><dssize Sync="TRUE">42,753</dssize></digtinfo></digform></stdorder></distinfo><distInfo><distributor><distorTran><onLineSrc><orDesc Sync="TRUE">002</orDesc><linkage Sync="TRUE">file://</linkage><protocol Sync="TRUE">Local Area Network</protocol></onLineSrc><transSize Sync="TRUE">42,753</transSize></distorTran><distorFormat><formatName Sync="TRUE">Personal GeoDatabase Feature Class</formatName></distorFormat></distributor><distFormat><formatName Sync="TRUE">Shapefile</formatName></distFormat><distTranOps><transSize Sync="TRUE">0,000</transSize></distTranOps></distInfo><spdoinfo><direct Sync="TRUE">Vector</direct><ptvctinf><esriterm Name="CLC_00_OTALEX_C1"><efeatyp Sync="TRUE">Simple</efeatyp><efeageom Sync="TRUE">4</efeageom><esritopo Sync="TRUE">FALSE</esritopo><efeacnt Sync="TRUE">0</efeacnt><spindex Sync="TRUE">FALSE</spindex><linrefer Sync="TRUE">FALSE</linrefer></esriterm></ptvctinf></spdoinfo><spref><horizsys><cordsysn><geogcsn Sync="TRUE">GCS_ETRS_1989</geogcsn><projcsn Sync="TRUE">ETRS_1989_TM06-Portugal</projcsn></cordsysn><geodetic><horizdn Sync="TRUE">D_ETRS_1989</horizdn><ellips Sync="TRUE">Geodetic Reference System 80</ellips><semiaxis Sync="TRUE">6378137.000000</semiaxis><denflat Sync="TRUE">298.257222</denflat></geodetic><planar><planci><plance Sync="TRUE">coordinate pair</plance><plandu Sync="TRUE">meters</plandu><coordrep><absres Sync="TRUE">0.000100</absres><ordres Sync="TRUE">0.000100</ordres></coordrep></planci></planar></horizsys><vertdef><altsys><altenc Sync="TRUE">Explicit elevation coordinate included with horizontal coordinates</altenc><altres Sync="TRUE">0.000100</altres></altsys></vertdef></spref><refSysInfo><RefSystem><refSysID><identCode Sync="TRUE" code="0">ETRS_1989_TM06-Portugal</identCode></refSysID></RefSystem></refSysInfo><spatRepInfo><VectSpatRep><topLvl><TopoLevCd Sync="TRUE" value="001"></TopoLevCd></topLvl><geometObjs Name="clc_00_n3_OTALEX_C"><geoObjTyp><GeoObjTypCd Sync="TRUE" value="002"></GeoObjTypCd><geoObjCnt Sync="TRUE">0</geoObjCnt></geoObjTyp><geoObjCnt Sync="TRUE">0</geoObjCnt></geometObjs></VectSpatRep></spatRepInfo><eainfo><detailed Name="CLC_00_OTALEX_C1"><enttyp><enttypl Sync="TRUE">CLC_00_OTALEX_C1</enttypl><enttypt Sync="TRUE">Feature Class</enttypt><enttypc Sync="TRUE">0</enttypc></enttyp><attr><attrlabl Sync="TRUE">FID</attrlabl><attalias Sync="TRUE">FID</attalias><attrtype Sync="TRUE">OID</attrtype><attwidth Sync="TRUE">4</attwidth><atprecis Sync="TRUE">0</atprecis><attscale Sync="TRUE">0</attscale><attrdef Sync="TRUE">Internal feature number.</attrdef><attrdefs Sync="TRUE">ESRI</attrdefs><attrdomv><udom Sync="TRUE">Sequential unique whole numbers that are automatically generated.</udom></attrdomv></attr><attr><attrlabl Sync="TRUE">OBJECTID</attrlabl><attalias Sync="TRUE">OBJECTID</attalias><attrtype Sync="TRUE">Integer</attrtype><attwidth Sync="TRUE">9</attwidth><atprecis Sync="TRUE">9</atprecis><attscale Sync="TRUE">0</attscale><attrdef Sync="TRUE">Internal feature number.</attrdef><attrdefs Sync="TRUE">ESRI</attrdefs><attrdomv><udom Sync="TRUE">Sequential unique whole numbers that are automatically generated.</udom></attrdomv></attr><attr><attrlabl Sync="TRUE">Shape</attrlabl><attalias Sync="TRUE">Shape</attalias><attrtype Sync="TRUE">Geometry</attrtype><attwidth Sync="TRUE">0</attwidth><atprecis Sync="TRUE">0</atprecis><attscale Sync="TRUE">0</attscale><attrdef Sync="TRUE">Feature geometry.</attrdef><attrdefs Sync="TRUE">ESRI</attrdefs><attrdomv><udom Sync="TRUE">Coordinates defining the features.</udom></attrdomv></attr><attr><attrlabl Sync="TRUE">Code_00</attrlabl><attalias Sync="TRUE">Code_00</attalias><attrtype Sync="TRUE">String</attrtype><attwidth Sync="TRUE">3</attwidth><atprecis Sync="TRUE">0</atprecis><attscale Sync="TRUE">0</attscale></attr><attr><attrlabl Sync="TRUE">LEYENDA_ES</attrlabl><attalias Sync="TRUE">LEYENDA_ES</attalias><attrtype Sync="TRUE">String</attrtype><attwidth Sync="TRUE">29</attwidth><atprecis Sync="TRUE">0</atprecis><attscale Sync="TRUE">0</attscale></attr><attr><attrlabl Sync="TRUE">LEGENDA_PT</attrlabl><attalias Sync="TRUE">LEGENDA_PT</attalias><attrtype Sync="TRUE">String</attrtype><attwidth Sync="TRUE">31</attwidth><atprecis Sync="TRUE">0</atprecis><attscale Sync="TRUE">0</attscale></attr><attr><attrlabl Sync="TRUE">GRUPOS</attrlabl><attalias Sync="TRUE">GRUPOS</attalias><attrtype Sync="TRUE">SmallInteger</attrtype><attwidth Sync="TRUE">4</attwidth><atprecis Sync="TRUE">4</atprecis><attscale Sync="TRUE">0</attscale></attr><attr><attrlabl Sync="TRUE">domin_es</attrlabl><attalias Sync="TRUE">domin_es</attalias><attrtype Sync="TRUE">String</attrtype><attwidth Sync="TRUE">100</attwidth><atprecis Sync="TRUE">0</atprecis><attscale Sync="TRUE">0</attscale></attr><attr><attrlabl Sync="TRUE">domin_pt</attrlabl><attalias Sync="TRUE">domin_pt</attalias><attrtype Sync="TRUE">String</attrtype><attwidth Sync="TRUE">100</attwidth><atprecis Sync="TRUE">0</atprecis><attscale Sync="TRUE">0</attscale></attr><attr><attrlabl Sync="TRUE">LEG</attrlabl><attalias Sync="TRUE">LEG</attalias><attrtype Sync="TRUE">String</attrtype><attwidth Sync="TRUE">80</attwidth><atprecis Sync="TRUE">0</atprecis><attscale Sync="TRUE">0</attscale></attr><attr><attrlabl Sync="TRUE">Shape_Leng</attrlabl><attalias Sync="TRUE">Shape_Leng</attalias><attrtype Sync="TRUE">Double</attrtype><attwidth Sync="TRUE">19</attwidth><atprecis Sync="TRUE">0</atprecis><attscale Sync="TRUE">0</attscale></attr><attr><attrlabl Sync="TRUE">Shape_Area</attrlabl><attalias Sync="TRUE">Shape_Area</attalias><attrtype Sync="TRUE">Double</attrtype><attwidth Sync="TRUE">19</attwidth><atprecis Sync="TRUE">0</atprecis><attscale Sync="TRUE">0</attscale><attrdef Sync="TRUE">Area of feature in internal units squared.</attrdef><attrdefs Sync="TRUE">ESRI</attrdefs><attrdomv><udom Sync="TRUE">Positive real numbers that are automatically generated.</udom></attrdomv></attr><attr><attrlabl Sync="TRUE">ORIG_FID</attrlabl><attalias Sync="TRUE">ORIG_FID</attalias><attrtype Sync="TRUE">Integer</attrtype><attwidth Sync="TRUE">9</attwidth><atprecis Sync="TRUE">9</atprecis><attscale Sync="TRUE">0</attscale></attr></detailed></eainfo><mdDateSt Sync="TRUE">20121205</mdDateSt><dataqual><lineage><procstep><procdesc Sync="TRUE">Dataset copied.</procdesc><srcused Sync="TRUE">\\LAB_SIG64-PC\C$\Users\lab_sig64\Desktop\OTALEX_C\otalexII.mdb</srcused><procdate Sync="TRUE">20120524</procdate><proctime Sync="TRUE">12305800</proctime></procstep><procstep><procdesc Sync="TRUE">Dataset copied.</procdesc><srcused Sync="TRUE"></srcused><procdate Sync="TRUE">20120527</procdate><proctime Sync="TRUE">23161800</proctime></procstep><procstep><procdesc Sync="TRUE">Dataset copied.</procdesc><srcused Sync="TRUE">\\LAB_SIG64-PC\C$\Users\lab_sig64\Desktop\OTALEX_C\GDB_OTALEXC\otalex_C.mdb</srcused><procdate Sync="TRUE">20120720</procdate><proctime Sync="TRUE">14443100</proctime></procstep><procstep><procdesc Sync="TRUE">Dataset copied.</procdesc><srcused Sync="TRUE">\\LAB_SIG64-PC\C$\Users\lab_sig64\Desktop\OTALEX_C\GDB_OTALEXC\otalex_C.mdb</srcused><procdate Sync="TRUE">20120720</procdate><proctime Sync="TRUE">14473200</proctime></procstep><procstep><procdesc Sync="TRUE">Dataset copied.</procdesc><srcused Sync="TRUE">C:\Users\lab_sig64\Desktop\CLC_rec\CLC_00_OTALEX_C</srcused><procdate Sync="TRUE">20121116</procdate><proctime Sync="TRUE">18164500</proctime></procstep><procstep><procdesc Sync="TRUE">Dataset copied.</procdesc><srcused Sync="TRUE">C:\Users\lab_sig64\Desktop\OTALEX_C\Info_enviada\a_enviar_ftp_cartog_indicadores\CLC_00_OTALEX_C</srcused><procdate Sync="TRUE">20121204</procdate><proctime Sync="TRUE">10400800</proctime></procstep><procstep><procdesc Sync="TRUE">Dataset copied.</procdesc><srcused Sync="TRUE"></srcused><date Sync="TRUE">20130319</date><time Sync="TRUE">09334300</time></procstep></lineage></dataqual></metadata>
