<?xml version="1.0"?>
<!--<!DOCTYPE metadata SYSTEM "http://www.esri.com/metadata/esriprof80.dtd">-->
<metadata xml:lang="pt"><Esri><CreaDate>20121203</CreaDate><CreaTime>15371600</CreaTime><SyncOnce>FALSE</SyncOnce><DataProperties><lineage><Process Name="CalculateRepresentationRule_1" ToolSource="C:\Program Files\ArcGIS\ArcToolbox\Toolboxes\Cartography Tools.tbx\CalculateRepresentationRule" Date="20081027" Time="142411">CalculateRepresentationRule C:\500k_2007\500k_08\500k_08.mdb\Transportes\EixosRedeFerroviaria_jf EixosRedeFerroviaria_jf_Rep via_dupla C:\500k_2007\500k_08\500k_08.mdb\Transportes\EixosRedeFerroviaria_jf</Process><Process ToolSource="C:\Program Files\ArcGIS\ArcToolbox\Toolboxes\Data Management Tools.tbx\CopyFeatures" Date="20081107" Time="121419">CopyFeatures C:\500k_2007\500k_08\500k_08.mdb\Transportes\RedeFerroviaria C:\500k_2007\500k_08\shapefile\RedeFerroviaria.shp # 0 0 0</Process><Process ToolSource="C:\Program Files\ArcGIS\ArcToolbox\Toolboxes\Data Management Tools.tbx\CopyFeatures" Date="20090106" Time="120342">CopyFeatures C:\500k_2007\500k_08\danilo\transportes\RedeFerroviaria_line.shp C:\500k_2007\500k_08\backup\500k_backup.gdb\Transportes\RedeFerroviaria_line # 0 0 0</Process><Process Name="FeatureClassToFeatureClass_1" ToolSource="C:\Program Files\ArcGIS\ArcToolbox\Toolboxes\Conversion Tools.tbx\FeatureClassToFeatureClass" Date="20090213" Time="113330">FeatureClassToFeatureClass \\igp-app\cgc_aqui\jfonseca\500k_2007\geodatabase\500k_08_jfonseca.mdb\Transportes\Export_Output C:\500k_2007\500k_08\500k_08.mdb\Transportes r_ferr_final # "Descricao Descricao true true false 50 Text 0 0 ,First,#,\\igp-app\cgc_aqui\jfonseca\500k_2007\geodatabase\500k_08_jfonseca.mdb\Transportes\Export_Output,Descricao,-1,-1;SHAPE_Leng SHAPE_Leng true true false 8 Double 0 0 ,First,#,\\igp-app\cgc_aqui\jfonseca\500k_2007\geodatabase\500k_08_jfonseca.mdb\Transportes\Export_Output,SHAPE_Leng,-1,-1;Nome Nome true true false 50 Text 0 0 ,First,#,\\igp-app\cgc_aqui\jfonseca\500k_2007\geodatabase\500k_08_jfonseca.mdb\Transportes\Export_Output,Nome,-1,-1;Shape_Length Shape_Length false true true 8 Double 0 0 ,First,#,\\igp-app\cgc_aqui\jfonseca\500k_2007\geodatabase\500k_08_jfonseca.mdb\Transportes\Export_Output,Shape_Length,-1,-1" # C:\500k_2007\500k_08\500k_08.mdb\Transportes\r_ferr_final</Process><Process ToolSource="C:\Program Files\ArcGIS\ArcToolbox\Toolboxes\Data Management Tools.tbx\CopyFeatures" Date="20090318" Time="103837">CopyFeatures C:\500k_2007\500k_08\500k_08.mdb\Transportes\r_ferr_final \\igp-app\cgc_aqui\jfonseca\500k_2007\geodatabase\500k_08_jfonseca.mdb\Transportes\r_ferr_final # 0 0 0</Process><Process ToolSource="C:\Program Files\ArcGIS\ArcToolbox\Toolboxes\Cartography Tools.tbx\AddRepresentation" Date="20090318" Time="104651">AddRepresentation r_ferr_final r_ferr_final_Rep RuleID_1 Override_1 STORE_CHANGE_AS_OVERRIDE r_ferr_final ASSIGN r_ferr_final</Process><Process Name="Set CAD Alias (2)" ToolSource="C:\Program Files\ArcGIS\ArcToolbox\Toolboxes\Conversion Tools.tbx\SetCADAlias" Date="20111130" Time="091729">SetCADAlias C:\Work\500k\500k_backup_21Nov\500k_08.mdb\rede_ferr_mask\r_ferr_final "Descricao '' VISIBLE NONE;SHAPE_Leng '' VISIBLE NONE;Nome '' VISIBLE NONE;RuleID RuleID VISIBLE NONE;Override Override VISIBLE NONE;RuleID_1 '' VISIBLE NONE;Override_1 '' VISIBLE NONE;Shape_Length Shape_Length VISIBLE NONE;Designa Layer VISIBLE NONE" C:\Work\500k\500k_backup_21Nov\500k_08.mdb\rede_ferr_mask\r_ferr_final</Process><Process ToolSource="C:\Program Files (x86)\ArcGIS\ArcToolbox\Toolboxes\Analysis Tools.tbx\Clip" Date="20121203" Time="103546">Clip r_ferr_final Euroace_PT C:\Users\lab_sig64\Desktop\OTALEX_C\GDB_OTALEXC_anual\Cartog_trab\Rios_ViasComunic\vias_comunicacao\ferrovias_pt.shp #</Process></lineage></DataProperties><SyncDate>20121203</SyncDate><SyncTime>10354200</SyncTime><ModDate>20121203</ModDate><ModTime>10354200</ModTime><MetaID>{A4C56282-A128-40B5-887A-EBA9B49573B0}</MetaID></Esri><idinfo><native Sync="TRUE">Microsoft Windows Vista Version 6.1 (Build 7600) ; ESRI ArcCatalog 9.3.1.3000</native><descript><langdata Sync="TRUE">pt</langdata><abstract>REQUIRED: A brief narrative summary of the data set.</abstract><purpose>REQUIRED: A summary of the intentions with which the data set was developed.</purpose></descript><citation><citeinfo><origin>REQUIRED: The name of an organization or individual that developed the data set.</origin><pubdate>REQUIRED: The date when the data set is published or otherwise made available for release.</pubdate><title Sync="TRUE">ferrovias_pt</title><ftname Sync="TRUE">ferrovias_pt</ftname><geoform Sync="TRUE">vector digital data</geoform><onlink Sync="TRUE">\\LAB_SIG64-PC\C$\Users\lab_sig64\Desktop\OTALEX_C\Info_enviada\20121203_a enviar_ftp\v_comunicacao_PT\vias_comunicacao_fer</onlink></citeinfo></citation><timeperd><current>REQUIRED: The basis on which the time period of content information is determined.</current><timeinfo><sngdate><caldate>REQUIRED: The year (and optionally month, or month and day) for which the data set corresponds to the ground.</caldate></sngdate></timeinfo></timeperd><status><progress>REQUIRED: The state of the data set.</progress><update>REQUIRED: The frequency with which changes and additions are made to the data set after the initial data set is completed.</update></status><spdom><bounding><westbc Sync="TRUE">-9.486810</westbc><eastbc Sync="TRUE">-5.830619</eastbc><northbc Sync="TRUE">42.279614</northbc><southbc Sync="TRUE">36.766362</southbc></bounding><lboundng><leftbc Sync="TRUE">-111678.000000</leftbc><rightbc Sync="TRUE">190000.000000</rightbc><bottombc Sync="TRUE">-320000.000000</bottombc><topbc Sync="TRUE">290000.000000</topbc></lboundng></spdom><keywords><theme><themekt>REQUIRED: Reference to a formally registered thesaurus or a similar authoritative source of theme keywords.</themekt><themekey>REQUIRED: Common-use word or phrase used to describe the subject of the data set.</themekey></theme></keywords><accconst>REQUIRED: Restrictions and legal prerequisites for accessing the data set.</accconst><useconst>REQUIRED: Restrictions and legal prerequisites for using the data set after access is granted.</useconst><natvform Sync="TRUE">Shapefile</natvform></idinfo><dataIdInfo><envirDesc Sync="TRUE">Microsoft Windows Vista Version 6.1 (Build 7600) ; ESRI ArcCatalog 9.3.1.3000</envirDesc><dataLang><languageCode Sync="TRUE" value="pt"></languageCode></dataLang><idCitation><resTitle Sync="TRUE">ferrovias_pt</resTitle><presForm><PresFormCd Sync="TRUE" value="005"></PresFormCd></presForm></idCitation><spatRpType><SpatRepTypCd Sync="TRUE" value="001"></SpatRepTypCd></spatRpType><dataExt><geoEle><GeoBndBox esriExtentType="native"><westBL Sync="TRUE">-111678</westBL><eastBL Sync="TRUE">190000</eastBL><northBL Sync="TRUE">290000</northBL><southBL Sync="TRUE">-320000</southBL><exTypeCode Sync="TRUE">1</exTypeCode></GeoBndBox></geoEle></dataExt><geoBox esriExtentType="decdegrees"><westBL Sync="TRUE">-9.48681</westBL><eastBL Sync="TRUE">-5.830619</eastBL><northBL Sync="TRUE">42.279614</northBL><southBL Sync="TRUE">36.766362</southBL><exTypeCode Sync="TRUE">1</exTypeCode></geoBox></dataIdInfo><metainfo><langmeta Sync="TRUE">pt</langmeta><metstdn Sync="TRUE">FGDC Content Standards for Digital Geospatial Metadata</metstdn><metstdv Sync="TRUE">FGDC-STD-001-1998</metstdv><mettc Sync="TRUE">local time</mettc><metc><cntinfo><cntorgp><cntper>REQUIRED: The person responsible for the metadata information.</cntper><cntorg>REQUIRED: The organization responsible for the metadata information.</cntorg></cntorgp><cntaddr><addrtype>REQUIRED: The mailing and/or physical address for the organization or individual.</addrtype><city>REQUIRED: The city of the address.</city><state>REQUIRED: The state or province of the address.</state><postal>REQUIRED: The ZIP or other postal code of the address.</postal></cntaddr><cntvoice>REQUIRED: The telephone number by which individuals can speak to the organization or individual.</cntvoice></cntinfo></metc><metd Sync="TRUE">20121203</metd><metextns><onlink Sync="TRUE">http://www.esri.com/metadata/esriprof80.html</onlink><metprof Sync="TRUE">ESRI Metadata Profile</metprof></metextns></metainfo><mdLang><languageCode Sync="TRUE" value="pt"></languageCode></mdLang><mdStanName Sync="TRUE">ISO 19115 Geographic Information - Metadata</mdStanName><mdStanVer Sync="TRUE">DIS_ESRI1.0</mdStanVer><mdChar><CharSetCd Sync="TRUE" value="004"></CharSetCd></mdChar><mdHrLv><ScopeCd Sync="TRUE" value="005"></ScopeCd></mdHrLv><mdHrLvName Sync="TRUE">dataset</mdHrLvName><distinfo><resdesc Sync="TRUE">Downloadable Data</resdesc><stdorder><digform><digtinfo><transize Sync="TRUE">0,000</transize><dssize Sync="TRUE">0,000</dssize></digtinfo></digform></stdorder></distinfo><distInfo><distributor><distorTran><onLineSrc><orDesc Sync="TRUE">002</orDesc><linkage Sync="TRUE">file://\\LAB_SIG64-PC\C$\Users\lab_sig64\Desktop\OTALEX_C\Info_enviada\20121203_a enviar_ftp\v_comunicacao_PT\vias_comunicacao_fer</linkage><protocol Sync="TRUE">Local Area Network</protocol></onLineSrc><transSize Sync="TRUE">0,000</transSize></distorTran><distorFormat><formatName Sync="TRUE">Shapefile</formatName></distorFormat></distributor></distInfo><spdoinfo><direct Sync="TRUE">Vector</direct><ptvctinf><esriterm Name="ferrovias_pt"><efeatyp Sync="TRUE">Simple</efeatyp><efeageom Sync="TRUE">Polyline</efeageom><esritopo Sync="TRUE">FALSE</esritopo><efeacnt Sync="TRUE">0</efeacnt><spindex Sync="TRUE">FALSE</spindex><linrefer Sync="TRUE">FALSE</linrefer></esriterm><sdtsterm Name="ferrovias_pt"><sdtstype Sync="TRUE">String</sdtstype><ptvctcnt Sync="TRUE">0</ptvctcnt></sdtsterm></ptvctinf></spdoinfo><spref><horizsys><cordsysn><geogcsn Sync="TRUE">GCS_ETRS_1989</geogcsn><projcsn Sync="TRUE">ETRS_1989_TM06-Portugal</projcsn></cordsysn><planar><planci><plance Sync="TRUE">coordinate pair</plance><plandu Sync="TRUE">meters</plandu><coordrep><absres Sync="TRUE">0.000000</absres><ordres Sync="TRUE">0.000000</ordres></coordrep></planci><mapproj><mapprojn Sync="TRUE">Transverse Mercator</mapprojn><transmer><sfctrmer Sync="TRUE">1.000000</sfctrmer><longcm Sync="TRUE">-8.133108</longcm><latprjo Sync="TRUE">39.668258</latprjo><feast Sync="TRUE">0.000000</feast><fnorth Sync="TRUE">0.000000</fnorth></transmer></mapproj></planar><geodetic><horizdn Sync="TRUE">D_ETRS_1989</horizdn><ellips Sync="TRUE">Geodetic Reference System 80</ellips><semiaxis Sync="TRUE">6378137.000000</semiaxis><denflat Sync="TRUE">298.257222</denflat></geodetic></horizsys><vertdef><altsys><altenc Sync="TRUE">Explicit elevation coordinate included with horizontal coordinates</altenc><altres Sync="TRUE">0.000100</altres></altsys></vertdef></spref><refSysInfo><RefSystem><refSysID><identCode Sync="TRUE">ETRS_1989_TM06-Portugal</identCode></refSysID></RefSystem></refSysInfo><spatRepInfo><VectSpatRep><topLvl><TopoLevCd Sync="TRUE" value="001"></TopoLevCd></topLvl><geometObjs Name="ferrovias_pt"><geoObjTyp><GeoObjTypCd Sync="TRUE" value="001"></GeoObjTypCd></geoObjTyp><geoObjCnt Sync="TRUE">0</geoObjCnt></geometObjs></VectSpatRep></spatRepInfo><eainfo><detailed Name="ferrovias_pt"><enttyp><enttypl Sync="TRUE">ferrovias_pt</enttypl><enttypt Sync="TRUE">Feature Class</enttypt><enttypc Sync="TRUE">0</enttypc></enttyp><attr><attrlabl Sync="TRUE">FID</attrlabl><attalias Sync="TRUE">FID</attalias><attrtype Sync="TRUE">OID</attrtype><attwidth Sync="TRUE">4</attwidth><atprecis Sync="TRUE">0</atprecis><attscale Sync="TRUE">0</attscale><attrdef Sync="TRUE">Internal feature number.</attrdef><attrdefs Sync="TRUE">ESRI</attrdefs><attrdomv><udom Sync="TRUE">Sequential unique whole numbers that are automatically generated.</udom></attrdomv></attr><attr><attrlabl Sync="TRUE">Shape</attrlabl><attalias Sync="TRUE">Shape</attalias><attrtype Sync="TRUE">Geometry</attrtype><attwidth Sync="TRUE">0</attwidth><atprecis Sync="TRUE">0</atprecis><attscale Sync="TRUE">0</attscale><attrdef Sync="TRUE">Feature geometry.</attrdef><attrdefs Sync="TRUE">ESRI</attrdefs><attrdomv><udom Sync="TRUE">Coordinates defining the features.</udom></attrdomv></attr><attr><attrlabl Sync="TRUE">Descricao</attrlabl><attalias Sync="TRUE">Descricao</attalias><attrtype Sync="TRUE">String</attrtype><attwidth Sync="TRUE">50</attwidth></attr><attr><attrlabl Sync="TRUE">SHAPE_Leng</attrlabl><attalias Sync="TRUE">SHAPE_Leng</attalias><attrtype Sync="TRUE">Float</attrtype><attwidth Sync="TRUE">19</attwidth><atnumdec Sync="TRUE">11</atnumdec></attr><attr><attrlabl Sync="TRUE">RuleID</attrlabl><attalias Sync="TRUE">RuleID</attalias><attrtype Sync="TRUE">Number</attrtype><attwidth Sync="TRUE">9</attwidth></attr><attr><attrlabl Sync="TRUE">Nome</attrlabl><attalias Sync="TRUE">Nome</attalias><attrtype Sync="TRUE">String</attrtype><attwidth Sync="TRUE">50</attwidth></attr><attr><attrlabl Sync="TRUE">RuleID_1</attrlabl><attalias Sync="TRUE">RuleID_1</attalias><attrtype Sync="TRUE">Number</attrtype><attwidth Sync="TRUE">9</attwidth></attr><attr><attrlabl Sync="TRUE">Shape_Le_1</attrlabl><attalias Sync="TRUE">Shape_Le_1</attalias><attrtype Sync="TRUE">Float</attrtype><attwidth Sync="TRUE">19</attwidth><atnumdec Sync="TRUE">11</atnumdec></attr><attr><attrlabl Sync="TRUE">Designa</attrlabl><attalias Sync="TRUE">Designa</attalias><attrtype Sync="TRUE">String</attrtype><attwidth Sync="TRUE">30</attwidth></attr></detailed></eainfo><mdDateSt Sync="TRUE">20121203</mdDateSt><dataqual><lineage><procstep><procdesc Sync="TRUE">Dataset copied.</procdesc><srcused Sync="TRUE">\\CGC-AQUI-19\C$\500k_2007\500k_08\backup\500k_backup.gdb</srcused><date Sync="TRUE">20090112</date><time Sync="TRUE">14582000</time></procstep><procstep><procdesc Sync="TRUE">Dataset copied.</procdesc><srcused Sync="TRUE">\\CGC-AQUI-11\C$\Documents and Settings\jfonseca\500k\geodatabase\500k_08_jfonseca.mdb</srcused><procdate Sync="TRUE">20090213</procdate><proctime Sync="TRUE">10582600</proctime></procstep><procstep><procdesc Sync="TRUE">Dataset copied.</procdesc><srcused Sync="TRUE">\\igp-app\cgc_aqui\jfonseca\500k_2007\geodatabase\500k_08_jfonseca.mdb</srcused><procdate Sync="TRUE">20090820</procdate><proctime Sync="TRUE">12325300</proctime></procstep><procstep><procdesc Sync="TRUE">Dataset copied.</procdesc><srcused Sync="TRUE"></srcused><procdate Sync="TRUE">20121203</procdate><proctime Sync="TRUE">10590300</proctime></procstep><procstep><procdesc Sync="TRUE">Dataset copied.</procdesc><srcused Sync="TRUE">C:\Users\lab_sig64\Desktop\OTALEX_C\GDB_OTALEXC_anual\Cartog_trab\Rios_ViasComunic\vias_comunicacao\vias_comunicacao_fer</srcused><procdate Sync="TRUE">20121203</procdate><proctime Sync="TRUE">15371600</proctime></procstep></lineage></dataqual></metadata>
