<?xml version="1.0"?>
<!--<!DOCTYPE metadata SYSTEM "http://www.esri.com/metadata/esriprof80.dtd">-->
<metadata xml:lang="es"><Esri><MetaID>{71B122BA-128E-4F1C-B9F0-6901C777CDCE}</MetaID><CreaDate>20120528</CreaDate><CreaTime>10013000</CreaTime><SyncOnce>FALSE</SyncOnce><DataProperties><lineage><Process Name="CalculateField_1" ToolSource="C:\Archivos de programa\ArcGIS\ArcToolbox\Toolboxes\Data Management Tools.tbx\CalculateField" Date="20120528" Time="100130">CalculateField "D:\Agencia\Otalex\OTALEX C\20120525_Capas base en explotacion\I4 fregesias-t municipales-etrs89-h29.shp" CODIGO [CODINE_DIC] VB # "D:\Agencia\Otalex\OTALEX C\20120525_Capas base en explotacion\I4 fregesias-t municipales-etrs89-h29.shp"</Process><Process Name="CalculateField_2" ToolSource="C:\Archivos de programa\ArcGIS\ArcToolbox\Toolboxes\Data Management Tools.tbx\CalculateField" Date="20120528" Time="100250">CalculateField "D:\Agencia\Otalex\OTALEX C\20120525_Capas base en explotacion\I4 fregesias-t municipales-etrs89-h29.shp" CODINE_DIC [CODIGO] VB # "D:\Agencia\Otalex\OTALEX C\20120525_Capas base en explotacion\I4 fregesias-t municipales-etrs89-h29.shp"</Process><Process Name="Merge_9" ToolSource="C:\Archivos de programa\ArcGIS\ArcToolbox\Toolboxes\Data Management Tools.tbx\Merge" Date="20120611" Time="120924">Merge 'D:\Agencia\Otalex\OTALEX C\20120525_Capas base en explotacion\I4 fregesias-t municipales-etrs89-h29.shp';'D:\Agencia\Otalex\OTALEX C\20120525_Capas base en explotacion\freguesias_centro_etrs89.shp' "D:\Agencia\Otalex\OTALEX C\20120525_Capas base en explotacion\MERGE.shp" "FREG_MUNIC FREG_MUNIC true false false 250 Text 0 0 ,First,#,D:\Agencia\Otalex\OTALEX C\20120525_Capas base en explotacion\I4 fregesias-t municipales-etrs89-h29.shp,FREG_MUNIC,-1,-1,D:\Agencia\Otalex\OTALEX C\20120525_Capas base en explotacion\freguesias_centro_etrs89.shp,FREG_MUNIC,-1,-1;PAIS PAIS true false false 4 Text 0 0 ,First,#,D:\Agencia\Otalex\OTALEX C\20120525_Capas base en explotacion\I4 fregesias-t municipales-etrs89-h29.shp,PAIS,-1,-1,D:\Agencia\Otalex\OTALEX C\20120525_Capas base en explotacion\freguesias_centro_etrs89.shp,PAIS,-1,-1;CODINE_DIC CODINE_DIC true false false 250 Text 0 0 ,First,#,D:\Agencia\Otalex\OTALEX C\20120525_Capas base en explotacion\I4 fregesias-t municipales-etrs89-h29.shp,CODINE_DIC,-1,-1,D:\Agencia\Otalex\OTALEX C\20120525_Capas base en explotacion\freguesias_centro_etrs89.shp,CODINE_DIC,-1,-1;FREG_MUNI FREG_MUNI true false false 250 Text 0 0 ,First,#,D:\Agencia\Otalex\OTALEX C\20120525_Capas base en explotacion\freguesias_centro_etrs89.shp,FREG_MUNI,-1,-1"</Process></lineage></DataProperties><SyncDate>20120611</SyncDate><SyncTime>12091200</SyncTime><ModDate>20120611</ModDate><ModTime>12091200</ModTime></Esri><idinfo><native Sync="TRUE">Microsoft Windows XP Version 5.1 (Build 2600) Service Pack 3; ESRI ArcCatalog 9.2.0.1324</native><descript><langdata Sync="TRUE">es</langdata><abstract>REQUIRED: A brief narrative summary of the data set.</abstract><purpose>REQUIRED: A summary of the intentions with which the data set was developed.</purpose></descript><citation><citeinfo><origin>REQUIRED: The name of an organization or individual that developed the data set.</origin><pubdate>REQUIRED: The date when the data set is published or otherwise made available for release.</pubdate><title Sync="TRUE">MERGE</title><ftname Sync="TRUE">MERGE</ftname><geoform Sync="TRUE">vector digital data</geoform><onlink Sync="TRUE">\\PC000581\D\Agencia\Otalex\OTALEX C\20120525_Capas base en explotacion\MERGE.shp</onlink></citeinfo></citation><timeperd><current>REQUIRED: The basis on which the time period of content information is determined.</current><timeinfo><sngdate><caldate>REQUIRED: The year (and optionally month, or month and day) for which the data set corresponds to the ground.</caldate></sngdate></timeinfo></timeperd><status><progress>REQUIRED: The state of the data set.</progress><update>REQUIRED: The frequency with which changes and additions are made to the data set after the initial data set is completed.</update></status><spdom><bounding><westbc Sync="TRUE">REQUIRED: Western-most coordinate of the limit of coverage expressed in longitude.</westbc><eastbc Sync="TRUE">REQUIRED: Eastern-most coordinate of the limit of coverage expressed in longitude.</eastbc><northbc Sync="TRUE">REQUIRED: Northern-most coordinate of the limit of coverage expressed in latitude.</northbc><southbc Sync="TRUE">REQUIRED: Southern-most coordinate of the limit of coverage expressed in latitude.</southbc></bounding></spdom><keywords><theme><themekt>REQUIRED: Reference to a formally registered thesaurus or a similar authoritative source of theme keywords.</themekt><themekey>REQUIRED: Common-use word or phrase used to describe the subject of the data set.</themekey></theme></keywords><accconst>REQUIRED: Restrictions and legal prerequisites for accessing the data set.</accconst><useconst>REQUIRED: Restrictions and legal prerequisites for using the data set after access is granted.</useconst><natvform Sync="TRUE">Shapefile</natvform></idinfo><dataIdInfo><envirDesc Sync="TRUE">Microsoft Windows XP Version 5.1 (Build 2600) Service Pack 3; ESRI ArcCatalog 9.2.0.1324</envirDesc><dataLang><languageCode Sync="TRUE" value="es"></languageCode></dataLang><idCitation><resTitle Sync="TRUE">MERGE</resTitle><presForm><PresFormCd Sync="TRUE" value="005"></PresFormCd></presForm></idCitation><spatRpType><SpatRepTypCd Sync="TRUE" value="001"></SpatRepTypCd></spatRpType></dataIdInfo><metainfo><langmeta Sync="TRUE">es</langmeta><metstdn Sync="TRUE">FGDC Content Standards for Digital Geospatial Metadata</metstdn><metstdv Sync="TRUE">FGDC-STD-001-1998</metstdv><mettc Sync="TRUE">local time</mettc><metextns><onlink Sync="TRUE">http://www.esri.com/metadata/esriprof80.html</onlink><metprof Sync="TRUE">ESRI Metadata Profile</metprof></metextns><metc><cntinfo><cntorgp><cntper>REQUIRED: The person responsible for the metadata information.</cntper><cntorg>REQUIRED: The organization responsible for the metadata information.</cntorg></cntorgp><cntaddr><addrtype>REQUIRED: The mailing and/or physical address for the organization or individual.</addrtype><city>REQUIRED: The city of the address.</city><state>REQUIRED: The state or province of the address.</state><postal>REQUIRED: The ZIP or other postal code of the address.</postal></cntaddr><cntvoice>REQUIRED: The telephone number by which individuals can speak to the organization or individual.</cntvoice></cntinfo></metc><metd Sync="TRUE">20120611</metd></metainfo><mdLang><languageCode Sync="TRUE" value="es"></languageCode></mdLang><mdStanName Sync="TRUE">ISO 19115 Geographic Information - Metadata</mdStanName><mdStanVer Sync="TRUE">DIS_ESRI1.0</mdStanVer><mdChar><CharSetCd Sync="TRUE" value="004"></CharSetCd></mdChar><mdHrLv><ScopeCd Sync="TRUE" value="005"></ScopeCd></mdHrLv><mdHrLvName Sync="TRUE">dataset</mdHrLvName><distinfo><resdesc Sync="TRUE">Downloadable Data</resdesc><stdorder><digform><digtinfo><transize Sync="TRUE">0,000</transize><dssize Sync="TRUE">0,000</dssize></digtinfo></digform></stdorder></distinfo><distInfo><distributor><distorTran><onLineSrc><orDesc Sync="TRUE">002</orDesc><linkage Sync="TRUE">file://\\PC000581\D\Agencia\Otalex\OTALEX C\20120525_Capas base en explotacion\MERGE.shp</linkage><protocol Sync="TRUE">Local Area Network</protocol></onLineSrc><transSize Sync="TRUE">0,000</transSize></distorTran><distorFormat><formatName Sync="TRUE">Shapefile</formatName></distorFormat></distributor></distInfo><spdoinfo><direct Sync="TRUE">Vector</direct><ptvctinf><esriterm Name="MERGE"><efeatyp Sync="TRUE">Simple</efeatyp><efeageom Sync="TRUE">Polygon</efeageom><esritopo Sync="TRUE">FALSE</esritopo><efeacnt Sync="TRUE">0</efeacnt><spindex Sync="TRUE">FALSE</spindex><linrefer Sync="TRUE">FALSE</linrefer></esriterm><sdtsterm Name="MERGE"><sdtstype Sync="TRUE">G-polygon</sdtstype><ptvctcnt Sync="TRUE">0</ptvctcnt></sdtsterm></ptvctinf></spdoinfo><spatRepInfo><VectSpatRep><topLvl><TopoLevCd Sync="TRUE" value="001"></TopoLevCd></topLvl><geometObjs Name="MERGE"><geoObjTyp><GeoObjTypCd Sync="TRUE" value="001"></GeoObjTypCd></geoObjTyp><geoObjCnt Sync="TRUE">0</geoObjCnt></geometObjs></VectSpatRep></spatRepInfo><eainfo><detailed Name="MERGE"><enttyp><enttypl Sync="TRUE">MERGE</enttypl><enttypt Sync="TRUE">Feature Class</enttypt><enttypc Sync="TRUE">0</enttypc></enttyp><attr><attrlabl Sync="TRUE">FID</attrlabl><attalias Sync="TRUE">FID</attalias><attrtype Sync="TRUE">OID</attrtype><attwidth Sync="TRUE">4</attwidth><atprecis Sync="TRUE">0</atprecis><attscale Sync="TRUE">0</attscale><attrdef Sync="TRUE">Internal feature number.</attrdef><attrdefs Sync="TRUE">ESRI</attrdefs><attrdomv><udom Sync="TRUE">Sequential unique whole numbers that are automatically generated.</udom></attrdomv></attr><attr><attrlabl Sync="TRUE">Shape</attrlabl><attalias Sync="TRUE">Shape</attalias><attrtype Sync="TRUE">Geometry</attrtype><attwidth Sync="TRUE">0</attwidth><atprecis Sync="TRUE">0</atprecis><attscale Sync="TRUE">0</attscale><attrdef Sync="TRUE">Feature geometry.</attrdef><attrdefs Sync="TRUE">ESRI</attrdefs><attrdomv><udom Sync="TRUE">Coordinates defining the features.</udom></attrdomv></attr><attr><attrlabl Sync="TRUE">FREG_MUNIC</attrlabl><attalias Sync="TRUE">FREG_MUNIC</attalias><attrtype Sync="TRUE">String</attrtype><attwidth Sync="TRUE">250</attwidth></attr><attr><attrlabl Sync="TRUE">PAIS</attrlabl><attalias Sync="TRUE">PAIS</attalias><attrtype Sync="TRUE">String</attrtype><attwidth Sync="TRUE">4</attwidth></attr><attr><attrlabl Sync="TRUE">CODINE_DIC</attrlabl><attalias Sync="TRUE">CODINE_DIC</attalias><attrtype Sync="TRUE">String</attrtype><attwidth Sync="TRUE">250</attwidth></attr><attr><attrlabl Sync="TRUE">FREG_MUNI</attrlabl><attalias Sync="TRUE">FREG_MUNI</attalias><attrtype Sync="TRUE">String</attrtype><attwidth Sync="TRUE">250</attwidth></attr></detailed></eainfo><mdDateSt Sync="TRUE">20120611</mdDateSt></metadata>
