<?xml version="1.0"?>
<!--<!DOCTYPE metadata SYSTEM "http://www.esri.com/metadata/esriprof80.dtd">-->
<metadata xml:lang="pt"><Esri><CreaDate>20130319</CreaDate><CreaTime>09351400</CreaTime><SyncOnce>FALSE</SyncOnce><SyncDate>20120713</SyncDate><SyncTime>15260500</SyncTime><ModDate>20120713</ModDate><ModTime>15260500</ModTime><DataProperties><lineage><Process ToolSource="C:\Program Files\ArcGIS\ArcToolbox\Toolboxes\Conversion Tools.tbx\FeatureClassToFeatureClass" Date="20100510" Time="154135">FeatureClassToFeatureClass J:\clc6_pt_es\clc_final_al_ex\dominios\clc_06_spart_join.shp J:\dados_otalex\otalexII.mdb\uso_solo clc_06_n3 # "code_06 'code_06' true true false 254 Text 0 0 ,First,#,J:\clc6_pt_es\clc_final_al_ex\dominios\clc_06_spart_join.shp,code_06,-1,-1;ORIG_FID 'ORIG_FID' true true false 9 Long 0 9 ,First,#,J:\clc6_pt_es\clc_final_al_ex\dominios\clc_06_spart_join.shp,ORIG_FID,-1,-1;OID_ 'OID_' true true false 9 Long 0 9 ,First,#,J:\clc6_pt_es\clc_final_al_ex\dominios\clc_06_spart_join.shp,OID_,-1,-1;CODE_00 'CODE_00' true true false 3 Short 0 3 ,First,#,J:\clc6_pt_es\clc_final_al_ex\dominios\clc_06_spart_join.shp,CODE_00,-1,-1;LEYENDA_ES 'LEYENDA_ES' true true false 29 Text 0 0 ,First,#,J:\clc6_pt_es\clc_final_al_ex\dominios\clc_06_spart_join.shp,LEYENDA_ES,-1,-1;LEGENDA_PT 'LEGENDA_PT' true true false 31 Text 0 0 ,First,#,J:\clc6_pt_es\clc_final_al_ex\dominios\clc_06_spart_join.shp,LEGENDA_PT,-1,-1;GRUPOS 'GRUPOS' true true false 1 Short 0 1 ,First,#,J:\clc6_pt_es\clc_final_al_ex\dominios\clc_06_spart_join.shp,GRUPOS,-1,-1;code00_txt 'code00_txt' true true false 10 Text 0 0 ,First,#,J:\clc6_pt_es\clc_final_al_ex\dominios\clc_06_spart_join.shp,code00_txt,-1,-1;domin_es 'domin_es' true true false 100 Text 0 0 ,First,#,J:\clc6_pt_es\clc_final_al_ex\dominios\clc_06_spart_join.shp,domin_es,-1,-1;domin_pt 'domin_pt' true true false 100 Text 0 0 ,First,#,J:\clc6_pt_es\clc_final_al_ex\dominios\clc_06_spart_join.shp,domin_pt,-1,-1;Hectares 'Hectares' true true false 19 Double 0 0 ,First,#,J:\clc6_pt_es\clc_final_al_ex\dominios\clc_06_spart_join.shp,Hectares,-1,-1;tt 'tt' true true false 100 Text 0 0 ,First,#,J:\clc6_pt_es\clc_final_al_ex\dominios\clc_06_spart_join.shp,tt,-1,-1" # J:\dados_otalex\otalexII.mdb\uso_solo\clc_06_n3</Process><Process ToolSource="C:\Program Files (x86)\ArcGIS\ArcToolbox\Toolboxes\Data Management Tools.tbx\CopyFeatures" Date="20120528" Time="120909">CopyFeatures C:\Users\lab_sig64\Desktop\OTALEX_C\GDB_OTALEXC\Cartog_trab\uso_solo_CLC\finais\clc_06_n3_OTA_II.shp C:\Users\lab_sig64\Desktop\OTALEX_C\GDB_OTALEXC\otalex_C.mdb\A_uso_do_solo\clc_06_n3_OTA_II # 0 0 0</Process><Process ToolSource="C:\Program Files (x86)\ArcGIS\ArcToolbox\Toolboxes\Analysis Tools.tbx\Erase" Date="20120615" Time="122509">Erase clc_06_n3_OTA_II CLC_06_centro C:\Users\lab_sig64\Desktop\OTALEX_C\GDB_OTALEXC\otalex_C.mdb\A_uso_do_solo\clc_06_n3_OTA_II_Erase #</Process><Process ToolSource="C:\Program Files (x86)\ArcGIS\ArcToolbox\Toolboxes\Data Management Tools.tbx\Merge" Date="20120615" Time="145854">Merge clc_06_n3_OTA_II_Erase;Erase_Erase C:\Users\lab_sig64\Desktop\OTALEX_C\GDB_OTALEXC\otalex_C.mdb\A_uso_do_solo\clc_06_n3_OTA_II_bom "OBJECTID 'OBJECTID' true true false 4 Long 0 0 ,First,#,clc_06_n3_OTA_II_Erase,OBJECTID,-1,-1,Erase_Erase,OBJECTID,-1,-1;code_06 'code_06' true true false 254 Text 0 0 ,First,#,clc_06_n3_OTA_II_Erase,code_06,-1,-1;LEYENDA_ES 'LEYENDA_ES' true true false 29 Text 0 0 ,First,#,clc_06_n3_OTA_II_Erase,LEYENDA_ES,-1,-1;LEGENDA_PT 'LEGENDA_PT' true true false 31 Text 0 0 ,First,#,clc_06_n3_OTA_II_Erase,LEGENDA_PT,-1,-1;GRUPOS 'GRUPOS' true true false 2 Short 0 0 ,First,#,clc_06_n3_OTA_II_Erase,GRUPOS,-1,-1;domin_es 'domin_es' true true false 100 Text 0 0 ,First,#,clc_06_n3_OTA_II_Erase,domin_es,-1,-1;domin_pt 'domin_pt' true true false 100 Text 0 0 ,First,#,clc_06_n3_OTA_II_Erase,domin_pt,-1,-1;Hectares 'Hectares' true true false 8 Double 0 0 ,First,#,clc_06_n3_OTA_II_Erase,Hectares,-1,-1;tt 'tt' true true false 100 Text 0 0 ,First,#,clc_06_n3_OTA_II_Erase,tt,-1,-1;Shape_Leng 'Shape_Leng' true true false 8 Double 0 0 ,First,#,clc_06_n3_OTA_II_Erase,Shape_Leng,-1,-1,Erase_Erase,Shape_Leng,-1,-1;Shape_Length 'Shape_Length' false true true 8 Double 0 0 ,First,#,clc_06_n3_OTA_II_Erase,Shape_Length,-1,-1;Shape_Area 'Shape_Area' false true true 8 Double 0 0 ,First,#,clc_06_n3_OTA_II_Erase,Shape_Area,-1,-1,Erase_Erase,Shape_Area,-1,-1;Municipio 'Municipio' true true false 254 Text 0 0 ,First,#,Erase_Erase,Municipio,-1,-1;Dico 'Dico' true true false 4 Text 0 0 ,First,#,Erase_Erase,Dico,-1,-1"</Process><Process ToolSource="C:\Program Files (x86)\ArcGIS\ArcToolbox\Toolboxes\Analysis Tools.tbx\Erase" Date="20120713" Time="115146">Erase clc_06_n3_OTA_II_bom Euroace_alentejo C:\Users\lab_sig64\Desktop\OTALEX_C\GDB_OTALEXC\otalex_C.mdb\A_uso_do_solo\clc_06_n3_OTA_II_bom_Erase #</Process><Process ToolSource="C:\Program Files (x86)\ArcGIS\ArcToolbox\Toolboxes\Data Management Tools.tbx\Merge" Date="20120713" Time="122125">Merge clc_06_n3_OTA_II_bom_Erase;CLC06_PT_otalex C:\Users\lab_sig64\Desktop\OTALEX_C\GDB_OTALEXC\otalex_C.mdb\A_uso_do_solo\CLC_06_OTALEX_C_nova "OBJECTID 'OBJECTID' true true false 4 Long 0 0 ,First,#,clc_06_n3_OTA_II_bom_Erase,OBJECTID,-1,-1,CLC06_PT_otalex,OBJECTID,-1,-1;code_06 'code_06' true true false 254 Text 0 0 ,First,#,clc_06_n3_OTA_II_bom_Erase,code_06,-1,-1,CLC06_PT_otalex,CODE_06,-1,-1;LEYENDA_ES 'LEYENDA_ES' true true false 29 Text 0 0 ,First,#,clc_06_n3_OTA_II_bom_Erase,LEYENDA_ES,-1,-1;LEGENDA_PT 'LEGENDA_PT' true true false 31 Text 0 0 ,First,#,clc_06_n3_OTA_II_bom_Erase,LEGENDA_PT,-1,-1;GRUPOS 'GRUPOS' true true false 2 Short 0 0 ,First,#,clc_06_n3_OTA_II_bom_Erase,GRUPOS,-1,-1,CLC06_PT_otalex,GRUPOS,-1,-1;domin_es 'domin_es' true true false 100 Text 0 0 ,First,#,clc_06_n3_OTA_II_bom_Erase,domin_es,-1,-1;domin_pt 'domin_pt' true true false 100 Text 0 0 ,First,#,clc_06_n3_OTA_II_bom_Erase,domin_pt,-1,-1,CLC06_PT_otalex,DOMIN_PT,-1,-1;tt 'tt' true true false 100 Text 0 0 ,First,#,clc_06_n3_OTA_II_bom_Erase,tt,-1,-1;Shape_Length 'Shape_Length' false true true 8 Double 0 0 ,First,#,clc_06_n3_OTA_II_bom_Erase,Shape_Length,-1,-1;Shape_Area 'Shape_Area' false true true 8 Double 0 0 ,First,#,clc_06_n3_OTA_II_bom_Erase,Shape_Area,-1,-1,CLC06_PT_otalex,Shape_Area,-1,-1;ID 'ID' true true false 18 Text 0 0 ,First,#,CLC06_PT_otalex,ID,-1,-1;REMARK 'REMARK' true true false 20 Text 0 0 ,First,#,CLC06_PT_otalex,REMARK,-1,-1;Shape_Leng 'Shape_Leng' true true false 19 Double 0 0 ,First,#,CLC06_PT_otalex,Shape_Leng,-1,-1;ORIG_FID 'ORIG_FID' true true false 9 Long 0 9 ,First,#,CLC06_PT_otalex,ORIG_FID,-1,-1;DOMMIN_ES 'DOMMIN_ES' true true false 50 Text 0 0 ,First,#,CLC06_PT_otalex,DOMMIN_ES,-1,-1;LEGENDA 'LEGENDA' true true false 80 Text 0 0 ,First,#,CLC06_PT_otalex,LEGENDA,-1,-1"</Process><Process ToolSource="C:\Program Files (x86)\ArcGIS\ArcToolbox\Toolboxes\Conversion Tools.tbx\FeatureClassToFeatureClass" Date="20120713" Time="152709">FeatureClassToFeatureClass C:\Users\lab_sig64\Desktop\OTALEX_C\GDB_OTALEXC\otalex_C.mdb\A_uso_do_solo\CLC_06_OTALEX_C_corr C:\Users\lab_sig64\Desktop\OTALEX_C\GDB_OTALEXC\Cartog_trab\CLC_rec CLC_06_OTALEX_C_corr.shp # "OBJECTID 'OBJECTID' true true false 4 Long 0 0 ,First,#,C:\Users\lab_sig64\Desktop\OTALEX_C\GDB_OTALEXC\otalex_C.mdb\A_uso_do_solo\CLC_06_OTALEX_C_corr,OBJECTID,-1,-1;code_06 'code_06' true true false 254 Text 0 0 ,First,#,C:\Users\lab_sig64\Desktop\OTALEX_C\GDB_OTALEXC\otalex_C.mdb\A_uso_do_solo\CLC_06_OTALEX_C_corr,code_06,-1,-1;LEYENDA_ES 'LEYENDA_ES' true true false 29 Text 0 0 ,First,#,C:\Users\lab_sig64\Desktop\OTALEX_C\GDB_OTALEXC\otalex_C.mdb\A_uso_do_solo\CLC_06_OTALEX_C_corr,LEYENDA_ES,-1,-1;LEGENDA_PT 'LEGENDA_PT' true true false 31 Text 0 0 ,First,#,C:\Users\lab_sig64\Desktop\OTALEX_C\GDB_OTALEXC\otalex_C.mdb\A_uso_do_solo\CLC_06_OTALEX_C_corr,LEGENDA_PT,-1,-1;GRUPOS 'GRUPOS' true true false 2 Short 0 0 ,First,#,C:\Users\lab_sig64\Desktop\OTALEX_C\GDB_OTALEXC\otalex_C.mdb\A_uso_do_solo\CLC_06_OTALEX_C_corr,GRUPOS,-1,-1;domin_es 'domin_es' true true false 100 Text 0 0 ,First,#,C:\Users\lab_sig64\Desktop\OTALEX_C\GDB_OTALEXC\otalex_C.mdb\A_uso_do_solo\CLC_06_OTALEX_C_corr,domin_es,-1,-1;domin_pt 'domin_pt' true true false 100 Text 0 0 ,First,#,C:\Users\lab_sig64\Desktop\OTALEX_C\GDB_OTALEXC\otalex_C.mdb\A_uso_do_solo\CLC_06_OTALEX_C_corr,domin_pt,-1,-1;ID 'ID' true true false 18 Text 0 0 ,First,#,C:\Users\lab_sig64\Desktop\OTALEX_C\GDB_OTALEXC\otalex_C.mdb\A_uso_do_solo\CLC_06_OTALEX_C_corr,ID,-1,-1;ORIG_FID 'ORIG_FID' true true false 4 Long 0 0 ,First,#,C:\Users\lab_sig64\Desktop\OTALEX_C\GDB_OTALEXC\otalex_C.mdb\A_uso_do_solo\CLC_06_OTALEX_C_corr,ORIG_FID,-1,-1;DOMMIN_ES 'DOMMIN_ES' true true false 50 Text 0 0 ,First,#,C:\Users\lab_sig64\Desktop\OTALEX_C\GDB_OTALEXC\otalex_C.mdb\A_uso_do_solo\CLC_06_OTALEX_C_corr,DOMMIN_ES,-1,-1;LEGENDA 'LEGENDA' true true false 80 Text 0 0 ,First,#,C:\Users\lab_sig64\Desktop\OTALEX_C\GDB_OTALEXC\otalex_C.mdb\A_uso_do_solo\CLC_06_OTALEX_C_corr,LEGENDA,-1,-1;Shape_Leng 'Shape_Length' false true true 8 Double 0 0 ,First,#,C:\Users\lab_sig64\Desktop\OTALEX_C\GDB_OTALEXC\otalex_C.mdb\A_uso_do_solo\CLC_06_OTALEX_C_corr,Shape_Length,-1,-1;Shape_Area 'Shape_Area' false true true 8 Double 0 0 ,First,#,C:\Users\lab_sig64\Desktop\OTALEX_C\GDB_OTALEXC\otalex_C.mdb\A_uso_do_solo\CLC_06_OTALEX_C_corr,Shape_Area,-1,-1" # C:\Users\lab_sig64\Desktop\OTALEX_C\GDB_OTALEXC\Cartog_trab\CLC_rec\CLC_06_OTALEX_C_corr.shp</Process><Process ToolSource="C:\Program Files (x86)\ArcGIS\Desktop10.0\ArcToolbox\Toolboxes\Data Management Tools.tbx\CalculateField" Date="20120713" Time="170656">CalculateField CLC_06_OTALEX_C_corr domin_es "[domin_es] + [DOMMIN_ES]" VB #</Process><Process ToolSource="C:\Program Files (x86)\ArcGIS\Desktop10.0\ArcToolbox\Toolboxes\Data Management Tools.tbx\CalculateField" Date="20121204" Time="110236">CalculateField CLC_06_OTALEX_C LEGENDA_PT "Tecido Urbano Descontinuo" VB #</Process><Process ToolSource="C:\Program Files (x86)\ArcGIS\Desktop10.0\ArcToolbox\Toolboxes\Data Management Tools.tbx\CalculateField" Date="20121204" Time="110258">CalculateField CLC_06_OTALEX_C LEYENDA_ES "Tejido urbano discontinuo" VB #</Process><Process ToolSource="C:\Program Files (x86)\ArcGIS\Desktop10.0\ArcToolbox\Toolboxes\Data Management Tools.tbx\CalculateField" Date="20121204" Time="110455">CalculateField CLC_06_OTALEX_C LEYENDA_ES "Zonas industriales" VB #</Process><Process ToolSource="C:\Program Files (x86)\ArcGIS\Desktop10.0\ArcToolbox\Toolboxes\Data Management Tools.tbx\CalculateField" Date="20121204" Time="110532">CalculateField CLC_06_OTALEX_C LEGENDA_PT "Area Industrial" VB #</Process><Process ToolSource="C:\Program Files (x86)\ArcGIS\Desktop10.0\ArcToolbox\Toolboxes\Data Management Tools.tbx\CalculateField" Date="20121204" Time="110754">CalculateField CLC_06_OTALEX_C LEYENDA_ES "Redes viarias" VB #</Process><Process ToolSource="C:\Program Files (x86)\ArcGIS\Desktop10.0\ArcToolbox\Toolboxes\Data Management Tools.tbx\CalculateField" Date="20121204" Time="110816">CalculateField CLC_06_OTALEX_C LEGENDA_PT "Rede Viaria" VB #</Process><Process ToolSource="C:\Program Files (x86)\ArcGIS\Desktop10.0\ArcToolbox\Toolboxes\Data Management Tools.tbx\CalculateField" Date="20121204" Time="111245">CalculateField CLC_06_OTALEX_C LEGENDA_PT "Áreas portuárias" VB #</Process><Process ToolSource="C:\Program Files (x86)\ArcGIS\Desktop10.0\ArcToolbox\Toolboxes\Data Management Tools.tbx\CalculateField" Date="20121204" Time="111930">CalculateField CLC_06_OTALEX_C LEYENDA_ES "Zonas portuarias" VB #</Process><Process ToolSource="C:\Program Files (x86)\ArcGIS\Desktop10.0\ArcToolbox\Toolboxes\Data Management Tools.tbx\CalculateField" Date="20121204" Time="112048">CalculateField CLC_06_OTALEX_C LEYENDA_ES "Aeropuertos" VB #</Process><Process ToolSource="C:\Program Files (x86)\ArcGIS\Desktop10.0\ArcToolbox\Toolboxes\Data Management Tools.tbx\CalculateField" Date="20121204" Time="112120">CalculateField CLC_06_OTALEX_C LEGENDA_PT "Aeroporto" VB #</Process><Process ToolSource="C:\Program Files (x86)\ArcGIS\Desktop10.0\ArcToolbox\Toolboxes\Data Management Tools.tbx\CalculateField" Date="20121204" Time="112430">CalculateField CLC_06_OTALEX_C LEYENDA_ES "Zonas mineras y canteras" VB #</Process><Process ToolSource="C:\Program Files (x86)\ArcGIS\Desktop10.0\ArcToolbox\Toolboxes\Data Management Tools.tbx\CalculateField" Date="20121204" Time="112813">CalculateField CLC_06_OTALEX_C LEGENDA_PT "Zonas mineiras e pedreiras" VB #</Process><Process ToolSource="C:\Program Files (x86)\ArcGIS\Desktop10.0\ArcToolbox\Toolboxes\Data Management Tools.tbx\CalculateField" Date="20121204" Time="112911">CalculateField CLC_06_OTALEX_C LEYENDA_ES "Escombreras y vertederos" VB #</Process><Process ToolSource="C:\Program Files (x86)\ArcGIS\Desktop10.0\ArcToolbox\Toolboxes\Data Management Tools.tbx\CalculateField" Date="20121204" Time="112931">CalculateField CLC_06_OTALEX_C LEGENDA_PT "Aterros e lixeiras" VB #</Process><Process ToolSource="C:\Program Files (x86)\ArcGIS\Desktop10.0\ArcToolbox\Toolboxes\Data Management Tools.tbx\CalculateField" Date="20121204" Time="113319">CalculateField CLC_06_OTALEX_C LEYENDA_ES "Zonas en construccion" VB #</Process><Process ToolSource="C:\Program Files (x86)\ArcGIS\Desktop10.0\ArcToolbox\Toolboxes\Data Management Tools.tbx\CalculateField" Date="20121204" Time="113350">CalculateField CLC_06_OTALEX_C LEGENDA_PT "Estaleiros" VB #</Process><Process ToolSource="C:\Program Files (x86)\ArcGIS\Desktop10.0\ArcToolbox\Toolboxes\Data Management Tools.tbx\CalculateField" Date="20121204" Time="114207">CalculateField CLC_06_OTALEX_C LEGENDA_PT "Áreas em construção" VB #</Process><Process ToolSource="C:\Program Files (x86)\ArcGIS\Desktop10.0\ArcToolbox\Toolboxes\Data Management Tools.tbx\CalculateField" Date="20121204" Time="115414">CalculateField CLC_06_OTALEX_C LEYENDA_ES "Zonas industriales o comerciales" VB #</Process><Process ToolSource="C:\Program Files (x86)\ArcGIS\Desktop10.0\ArcToolbox\Toolboxes\Data Management Tools.tbx\CalculateField" Date="20121204" Time="115450">CalculateField CLC_06_OTALEX_C LEYENDA_ES "Zonas industriales" VB #</Process><Process ToolSource="C:\Program Files (x86)\ArcGIS\Desktop10.0\ArcToolbox\Toolboxes\Data Management Tools.tbx\CalculateField" Date="20121204" Time="115646">CalculateField CLC_06_OTALEX_C LEGENDA_PT "Área Industrial" VB #</Process><Process ToolSource="C:\Program Files (x86)\ArcGIS\Desktop10.0\ArcToolbox\Toolboxes\Data Management Tools.tbx\CalculateField" Date="20121204" Time="120115">CalculateField CLC_06_OTALEX_C LEYENDA_ES "Redes viarias e ferroviarias" VB #</Process><Process ToolSource="C:\Program Files (x86)\ArcGIS\Desktop10.0\ArcToolbox\Toolboxes\Data Management Tools.tbx\CalculateField" Date="20121204" Time="120203">CalculateField CLC_06_OTALEX_C LEGENDA_PT "Redes Viárias e Ferroviárias" VB #</Process><Process ToolSource="C:\Program Files (x86)\ArcGIS\Desktop10.0\ArcToolbox\Toolboxes\Data Management Tools.tbx\CalculateField" Date="20121204" Time="120430">CalculateField CLC_06_OTALEX_C LEGENDA_PT "Aeroportos e aeródromos" VB #</Process><Process ToolSource="C:\Program Files (x86)\ArcGIS\Desktop10.0\ArcToolbox\Toolboxes\Data Management Tools.tbx\CalculateField" Date="20121204" Time="121113">CalculateField CLC_06_OTALEX_C LEGENDA_PT "Áreas de deposição de resíduos" VB #</Process><Process ToolSource="C:\Program Files (x86)\ArcGIS\Desktop10.0\ArcToolbox\Toolboxes\Data Management Tools.tbx\CalculateField" Date="20121204" Time="121223">CalculateField CLC_06_OTALEX_C LEGENDA_PT "Áreas de extracção de inertes" VB #</Process><Process ToolSource="C:\Program Files (x86)\ArcGIS\Desktop10.0\ArcToolbox\Toolboxes\Data Management Tools.tbx\CalculateField" Date="20121204" Time="121953">CalculateField CLC_06_OTALEX_C LEGENDA_PT "Equipamentos desportivos" VB #</Process><Process ToolSource="C:\Program Files (x86)\ArcGIS\Desktop10.0\ArcToolbox\Toolboxes\Data Management Tools.tbx\CalculateField" Date="20121204" Time="122040">CalculateField CLC_06_OTALEX_C LEYENDA_ES "Instalaciones deportivas" VB #</Process><Process ToolSource="C:\Program Files (x86)\ArcGIS\Desktop10.0\ArcToolbox\Toolboxes\Data Management Tools.tbx\CalculateField" Date="20121204" Time="122530">CalculateField CLC_06_OTALEX_C LEGENDA_PT "Culturas temporárias de sequeiro" VB #</Process><Process ToolSource="C:\Program Files (x86)\ArcGIS\Desktop10.0\ArcToolbox\Toolboxes\Data Management Tools.tbx\CalculateField" Date="20121204" Time="122624">CalculateField CLC_06_OTALEX_C LEGENDA_PT "Áreas de sequeiro" VB #</Process><Process ToolSource="C:\Program Files (x86)\ArcGIS\Desktop10.0\ArcToolbox\Toolboxes\Data Management Tools.tbx\CalculateField" Date="20121204" Time="122820">CalculateField CLC_06_OTALEX_C LEYENDA_ES "Labor en secano" VB #</Process><Process ToolSource="C:\Program Files (x86)\ArcGIS\Desktop10.0\ArcToolbox\Toolboxes\Data Management Tools.tbx\CalculateField" Date="20121204" Time="123115">CalculateField CLC_06_OTALEX_C LEYENDA_ES "Zonas regables" VB #</Process><Process ToolSource="C:\Program Files (x86)\ArcGIS\Desktop10.0\ArcToolbox\Toolboxes\Data Management Tools.tbx\CalculateField" Date="20121204" Time="123326">CalculateField CLC_06_OTALEX_C LEGENDA_PT "Áreas de regadio" VB #</Process><Process ToolSource="C:\Program Files (x86)\ArcGIS\Desktop10.0\ArcToolbox\Toolboxes\Data Management Tools.tbx\CalculateField" Date="20121204" Time="123450">CalculateField CLC_06_OTALEX_C LEYENDA_ES "Arrozales" VB #</Process><Process ToolSource="C:\Program Files (x86)\ArcGIS\Desktop10.0\ArcToolbox\Toolboxes\Data Management Tools.tbx\CalculateField" Date="20121204" Time="123518">CalculateField CLC_06_OTALEX_C LEGENDA_PT "Arrozais" VB #</Process><Process ToolSource="C:\Program Files (x86)\ArcGIS\Desktop10.0\ArcToolbox\Toolboxes\Data Management Tools.tbx\CalculateField" Date="20121204" Time="123704">CalculateField CLC_06_OTALEX_C LEYENDA_ES "Viñedos" VB #</Process><Process ToolSource="C:\Program Files (x86)\ArcGIS\Desktop10.0\ArcToolbox\Toolboxes\Data Management Tools.tbx\CalculateField" Date="20121204" Time="123749">CalculateField CLC_06_OTALEX_C LEGENDA_PT "Vinha" VB #</Process><Process ToolSource="C:\Program Files (x86)\ArcGIS\Desktop10.0\ArcToolbox\Toolboxes\Data Management Tools.tbx\CalculateField" Date="20121204" Time="124010">CalculateField CLC_06_OTALEX_C LEYENDA_ES "Frutales" VB #</Process><Process ToolSource="C:\Program Files (x86)\ArcGIS\Desktop10.0\ArcToolbox\Toolboxes\Data Management Tools.tbx\CalculateField" Date="20121204" Time="124042">CalculateField CLC_06_OTALEX_C LEGENDA_PT "Pomares" VB #</Process><Process ToolSource="C:\Program Files (x86)\ArcGIS\Desktop10.0\ArcToolbox\Toolboxes\Data Management Tools.tbx\CalculateField" Date="20121204" Time="124156">CalculateField CLC_06_OTALEX_C LEYENDA_ES "Olivares" VB #</Process><Process ToolSource="C:\Program Files (x86)\ArcGIS\Desktop10.0\ArcToolbox\Toolboxes\Data Management Tools.tbx\CalculateField" Date="20121204" Time="124238">CalculateField CLC_06_OTALEX_C LEGENDA_PT "Olivais" VB #</Process><Process ToolSource="C:\Program Files (x86)\ArcGIS\Desktop10.0\ArcToolbox\Toolboxes\Data Management Tools.tbx\CalculateField" Date="20121204" Time="124516">CalculateField CLC_06_OTALEX_C LEGENDA_PT "Pastagens permanentes" VB #</Process><Process ToolSource="C:\Program Files (x86)\ArcGIS\Desktop10.0\ArcToolbox\Toolboxes\Data Management Tools.tbx\CalculateField" Date="20121204" Time="124541">CalculateField CLC_06_OTALEX_C LEYENDA_ES "Prados y praderas" VB #</Process><Process ToolSource="C:\Program Files (x86)\ArcGIS\Desktop10.0\ArcToolbox\Toolboxes\Data Management Tools.tbx\CalculateField" Date="20121204" Time="124906">CalculateField CLC_06_OTALEX_C LEYENDA_ES "Cultivos asociados" VB #</Process><Process ToolSource="C:\Program Files (x86)\ArcGIS\Desktop10.0\ArcToolbox\Toolboxes\Data Management Tools.tbx\CalculateField" Date="20121204" Time="124940">CalculateField CLC_06_OTALEX_C LEGENDA_PT "Culturas associadas" VB #</Process><Process ToolSource="C:\Program Files (x86)\ArcGIS\Desktop10.0\ArcToolbox\Toolboxes\Data Management Tools.tbx\CalculateField" Date="20121204" Time="125135">CalculateField CLC_06_OTALEX_C LEYENDA_ES "Mosaico de cultivos" VB #</Process><Process ToolSource="C:\Program Files (x86)\ArcGIS\Desktop10.0\ArcToolbox\Toolboxes\Data Management Tools.tbx\CalculateField" Date="20121204" Time="125216">CalculateField CLC_06_OTALEX_C LEGENDA_PT "Culturas complexas" VB #</Process><Process ToolSource="C:\Program Files (x86)\ArcGIS\Desktop10.0\ArcToolbox\Toolboxes\Data Management Tools.tbx\CalculateField" Date="20121204" Time="125658">CalculateField CLC_06_OTALEX_C LEYENDA_ES "Cultivos y enclaves naturales" VB #</Process><Process ToolSource="C:\Program Files (x86)\ArcGIS\Desktop10.0\ArcToolbox\Toolboxes\Data Management Tools.tbx\CalculateField" Date="20121204" Time="125756">CalculateField CLC_06_OTALEX_C LEGENDA_PT "Cultivos e espacos naturais" VB #</Process><Process ToolSource="C:\Program Files (x86)\ArcGIS\Desktop10.0\ArcToolbox\Toolboxes\Data Management Tools.tbx\CalculateField" Date="20121204" Time="125952">CalculateField CLC_06_OTALEX_C LEYENDA_ES "Sistemas agro-forestales" VB #</Process><Process ToolSource="C:\Program Files (x86)\ArcGIS\Desktop10.0\ArcToolbox\Toolboxes\Data Management Tools.tbx\CalculateField" Date="20121204" Time="130231">CalculateField CLC_06_OTALEX_C LEGENDA_PT "Sistemas agro-florestais" VB #</Process><Process ToolSource="C:\Program Files (x86)\ArcGIS\Desktop10.0\ArcToolbox\Toolboxes\Data Management Tools.tbx\CalculateField" Date="20121204" Time="130712">CalculateField CLC_06_OTALEX_C LEGENDA_PT "Florestas de folhosas" VB #</Process><Process ToolSource="C:\Program Files (x86)\ArcGIS\Desktop10.0\ArcToolbox\Toolboxes\Data Management Tools.tbx\CalculateField" Date="20121204" Time="130758">CalculateField CLC_06_OTALEX_C LEYENDA_ES "Bosques de frondosas" VB #</Process><Process ToolSource="C:\Program Files (x86)\ArcGIS\Desktop10.0\ArcToolbox\Toolboxes\Data Management Tools.tbx\CalculateField" Date="20121204" Time="131416">CalculateField CLC_06_OTALEX_C LEGENDA_PT "Florestas de coniferas/resinosas" VB #</Process><Process ToolSource="C:\Program Files (x86)\ArcGIS\Desktop10.0\ArcToolbox\Toolboxes\Data Management Tools.tbx\CalculateField" Date="20121204" Time="131504">CalculateField CLC_06_OTALEX_C LEYENDA_ES "Bosques de coniferas" VB #</Process><Process ToolSource="C:\Program Files (x86)\ArcGIS\Desktop10.0\ArcToolbox\Toolboxes\Data Management Tools.tbx\CalculateField" Date="20121204" Time="131615">CalculateField CLC_06_OTALEX_C LEGENDA_PT "Floresta de coniferas/resinosas" VB #</Process><Process ToolSource="C:\Program Files (x86)\ArcGIS\Desktop10.0\ArcToolbox\Toolboxes\Data Management Tools.tbx\CalculateField" Date="20121204" Time="131711">CalculateField CLC_06_OTALEX_C LEGENDA_PT "Floresta de folhosas" VB #</Process><Process ToolSource="C:\Program Files (x86)\ArcGIS\Desktop10.0\ArcToolbox\Toolboxes\Data Management Tools.tbx\CalculateField" Date="20121204" Time="143810">CalculateField CLC_06_OTALEX_C LEYENDA_ES "Bosque mixto" VB #</Process><Process ToolSource="C:\Program Files (x86)\ArcGIS\Desktop10.0\ArcToolbox\Toolboxes\Data Management Tools.tbx\CalculateField" Date="20121204" Time="143841">CalculateField CLC_06_OTALEX_C LEGENDA_PT "Floresta mista" VB #</Process><Process ToolSource="C:\Program Files (x86)\ArcGIS\Desktop10.0\ArcToolbox\Toolboxes\Data Management Tools.tbx\CalculateField" Date="20121204" Time="144358">CalculateField CLC_06_OTALEX_C LEGENDA_PT "Vegetação herbácea natural" VB #</Process><Process ToolSource="C:\Program Files (x86)\ArcGIS\Desktop10.0\ArcToolbox\Toolboxes\Data Management Tools.tbx\CalculateField" Date="20121204" Time="144429">CalculateField CLC_06_OTALEX_C LEYENDA_ES "Pastizales naturales" VB #</Process><Process ToolSource="C:\Program Files (x86)\ArcGIS\Desktop10.0\ArcToolbox\Toolboxes\Data Management Tools.tbx\CalculateField" Date="20121204" Time="144704">CalculateField CLC_06_OTALEX_C LEYENDA_ES "Landas y matorrales" VB #</Process><Process ToolSource="C:\Program Files (x86)\ArcGIS\Desktop10.0\ArcToolbox\Toolboxes\Data Management Tools.tbx\CalculateField" Date="20121204" Time="144730">CalculateField CLC_06_OTALEX_C LEGENDA_PT "Matos" VB #</Process><Process ToolSource="C:\Program Files (x86)\ArcGIS\Desktop10.0\ArcToolbox\Toolboxes\Data Management Tools.tbx\CalculateField" Date="20121204" Time="144958">CalculateField CLC_06_OTALEX_C LEYENDA_ES "Vegetación esclerófila" VB #</Process><Process ToolSource="C:\Program Files (x86)\ArcGIS\Desktop10.0\ArcToolbox\Toolboxes\Data Management Tools.tbx\CalculateField" Date="20121204" Time="145124">CalculateField CLC_06_OTALEX_C LEGENDA_PT "Vegetação esclerófila" VB #</Process><Process ToolSource="C:\Program Files (x86)\ArcGIS\Desktop10.0\ArcToolbox\Toolboxes\Data Management Tools.tbx\CalculateField" Date="20121204" Time="145531">CalculateField CLC_06_OTALEX_C LEYENDA_ES "Matorral boscoso" VB #</Process><Process ToolSource="C:\Program Files (x86)\ArcGIS\Desktop10.0\ArcToolbox\Toolboxes\Data Management Tools.tbx\CalculateField" Date="20121204" Time="145850">CalculateField CLC_06_OTALEX_C LEGENDA_PT "Florestas abertas, cortes, novas plantações" VB #</Process><Process ToolSource="C:\Program Files (x86)\ArcGIS\Desktop10.0\ArcToolbox\Toolboxes\Data Management Tools.tbx\CalculateField" Date="20121204" Time="150005">CalculateField CLC_06_OTALEX_C LEGENDA_PT "Florestas abertas" VB #</Process><Process ToolSource="C:\Program Files (x86)\ArcGIS\Desktop10.0\ArcToolbox\Toolboxes\Data Management Tools.tbx\CalculateField" Date="20121204" Time="150238">CalculateField CLC_06_OTALEX_C LEGENDA_PT "Praias, dunas e areais" VB #</Process><Process ToolSource="C:\Program Files (x86)\ArcGIS\Desktop10.0\ArcToolbox\Toolboxes\Data Management Tools.tbx\CalculateField" Date="20121204" Time="150328">CalculateField CLC_06_OTALEX_C LEYENDA_ES "Playas, dunas y arenales" VB #</Process><Process ToolSource="C:\Program Files (x86)\ArcGIS\Desktop10.0\ArcToolbox\Toolboxes\Data Management Tools.tbx\CalculateField" Date="20121204" Time="150406">CalculateField CLC_06_OTALEX_C LEYENDA_ES "Roquedo" VB #</Process><Process ToolSource="C:\Program Files (x86)\ArcGIS\Desktop10.0\ArcToolbox\Toolboxes\Data Management Tools.tbx\CalculateField" Date="20121204" Time="150422">CalculateField CLC_06_OTALEX_C LEGENDA_PT "Rocha nua" VB #</Process><Process ToolSource="C:\Program Files (x86)\ArcGIS\Desktop10.0\ArcToolbox\Toolboxes\Data Management Tools.tbx\CalculateField" Date="20121204" Time="150547">CalculateField CLC_06_OTALEX_C LEYENDA_ES "Vegetación escasa" VB #</Process><Process ToolSource="C:\Program Files (x86)\ArcGIS\Desktop10.0\ArcToolbox\Toolboxes\Data Management Tools.tbx\CalculateField" Date="20121204" Time="150642">CalculateField CLC_06_OTALEX_C LEGENDA_PT "Vegetação esparsa" VB #</Process><Process ToolSource="C:\Program Files (x86)\ArcGIS\Desktop10.0\ArcToolbox\Toolboxes\Data Management Tools.tbx\CalculateField" Date="20121204" Time="150828">CalculateField CLC_06_OTALEX_C LEGENDA_PT "Áreas ardidas" VB #</Process><Process ToolSource="C:\Program Files (x86)\ArcGIS\Desktop10.0\ArcToolbox\Toolboxes\Data Management Tools.tbx\CalculateField" Date="20121204" Time="150859">CalculateField CLC_06_OTALEX_C LEYENDA_ES "Zonas quemadas" VB #</Process><Process ToolSource="C:\Program Files (x86)\ArcGIS\Desktop10.0\ArcToolbox\Toolboxes\Data Management Tools.tbx\CalculateField" Date="20121204" Time="151250">CalculateField CLC_06_OTALEX_C LEGENDA_PT "Paúis" VB #</Process><Process ToolSource="C:\Program Files (x86)\ArcGIS\Desktop10.0\ArcToolbox\Toolboxes\Data Management Tools.tbx\CalculateField" Date="20121204" Time="151602">CalculateField CLC_06_OTALEX_C LEYENDA_ES "Humedales y zonas pantanosas" VB #</Process><Process ToolSource="C:\Program Files (x86)\ArcGIS\Desktop10.0\ArcToolbox\Toolboxes\Data Management Tools.tbx\CalculateField" Date="20121204" Time="151720">CalculateField CLC_06_OTALEX_C LEGENDA_PT "Sapais" VB #</Process><Process ToolSource="C:\Program Files (x86)\ArcGIS\Desktop10.0\ArcToolbox\Toolboxes\Data Management Tools.tbx\CalculateField" Date="20121204" Time="151758">CalculateField CLC_06_OTALEX_C LEYENDA_ES "Marismas" VB #</Process><Process ToolSource="C:\Program Files (x86)\ArcGIS\Desktop10.0\ArcToolbox\Toolboxes\Data Management Tools.tbx\CalculateField" Date="20121204" Time="151925">CalculateField CLC_06_OTALEX_C LEGENDA_PT "Salinas e aquicultura litoral" VB #</Process><Process ToolSource="C:\Program Files (x86)\ArcGIS\Desktop10.0\ArcToolbox\Toolboxes\Data Management Tools.tbx\CalculateField" Date="20121204" Time="151938">CalculateField CLC_06_OTALEX_C LEYENDA_ES "Salinas" VB #</Process><Process ToolSource="C:\Program Files (x86)\ArcGIS\Desktop10.0\ArcToolbox\Toolboxes\Data Management Tools.tbx\CalculateField" Date="20121204" Time="152121">CalculateField CLC_06_OTALEX_C LEYENDA_ES "Cursos de agua" VB #</Process><Process ToolSource="C:\Program Files (x86)\ArcGIS\Desktop10.0\ArcToolbox\Toolboxes\Data Management Tools.tbx\CalculateField" Date="20121204" Time="152139">CalculateField CLC_06_OTALEX_C LEGENDA_PT "Cursos de água" VB #</Process><Process ToolSource="C:\Program Files (x86)\ArcGIS\Desktop10.0\ArcToolbox\Toolboxes\Data Management Tools.tbx\CalculateField" Date="20121204" Time="152316">CalculateField CLC_06_OTALEX_C LEYENDA_ES "Láminas de agua" VB #</Process><Process ToolSource="C:\Program Files (x86)\ArcGIS\Desktop10.0\ArcToolbox\Toolboxes\Data Management Tools.tbx\CalculateField" Date="20121204" Time="152509">CalculateField CLC_06_OTALEX_C LEGENDA_PT "Planos de água" VB #</Process><Process ToolSource="C:\Program Files (x86)\ArcGIS\Desktop10.0\ArcToolbox\Toolboxes\Data Management Tools.tbx\CalculateField" Date="20121204" Time="152610">CalculateField CLC_06_OTALEX_C LEGENDA_PT "Lagoas costeiras" VB #</Process><Process ToolSource="C:\Program Files (x86)\ArcGIS\Desktop10.0\ArcToolbox\Toolboxes\Data Management Tools.tbx\CalculateField" Date="20121204" Time="152629">CalculateField CLC_06_OTALEX_C LEYENDA_ES "Lagunas costeras" VB #</Process><Process ToolSource="C:\Program Files (x86)\ArcGIS\Desktop10.0\ArcToolbox\Toolboxes\Data Management Tools.tbx\CalculateField" Date="20121204" Time="152719">CalculateField CLC_06_OTALEX_C LEGENDA_PT "Desembocaduras fluviais" VB #</Process><Process ToolSource="C:\Program Files (x86)\ArcGIS\Desktop10.0\ArcToolbox\Toolboxes\Data Management Tools.tbx\CalculateField" Date="20121204" Time="152756">CalculateField CLC_06_OTALEX_C LEYENDA_ES "Estuarios" VB #</Process><Process ToolSource="C:\Program Files (x86)\ArcGIS\Desktop10.0\ArcToolbox\Toolboxes\Data Management Tools.tbx\CalculateField" Date="20121204" Time="153121">CalculateField CLC_06_OTALEX_C domin_es "Superficies Artificiales" VB #</Process><Process ToolSource="C:\Program Files (x86)\ArcGIS\Desktop10.0\ArcToolbox\Toolboxes\Data Management Tools.tbx\CalculateField" Date="20121204" Time="153206">CalculateField CLC_06_OTALEX_C domin_pt "Superfícies Artificiais" VB #</Process><Process ToolSource="C:\Program Files (x86)\ArcGIS\Desktop10.0\ArcToolbox\Toolboxes\Data Management Tools.tbx\CalculateField" Date="20121204" Time="153453">CalculateField CLC_06_OTALEX_C domin_es "Dominios Agricolas de Secano" VB #</Process><Process ToolSource="C:\Program Files (x86)\ArcGIS\Desktop10.0\ArcToolbox\Toolboxes\Data Management Tools.tbx\CalculateField" Date="20121204" Time="155341">CalculateField CLC_06_OTALEX_C domin_pt "Domínios Agrícolas de Sequeiro" VB #</Process><Process ToolSource="C:\Program Files (x86)\ArcGIS\Desktop10.0\ArcToolbox\Toolboxes\Data Management Tools.tbx\CalculateField" Date="20121204" Time="160234">CalculateField CLC_06_OTALEX_C domin_es "Dominios Agricolas de Regadio" VB #</Process><Process ToolSource="C:\Program Files (x86)\ArcGIS\Desktop10.0\ArcToolbox\Toolboxes\Data Management Tools.tbx\CalculateField" Date="20121204" Time="160314">CalculateField CLC_06_OTALEX_C domin_pt "Domínios Agricolas de Regadio" VB #</Process><Process ToolSource="C:\Program Files (x86)\ArcGIS\Desktop10.0\ArcToolbox\Toolboxes\Data Management Tools.tbx\CalculateField" Date="20121204" Time="160418">CalculateField CLC_06_OTALEX_C domin_pt "Domínios Agrícolas de Regadio" VB #</Process><Process ToolSource="C:\Program Files (x86)\ArcGIS\Desktop10.0\ArcToolbox\Toolboxes\Data Management Tools.tbx\CalculateField" Date="20121204" Time="160642">CalculateField CLC_06_OTALEX_C domin_pt "Dominio de Sistemas Agrosilvopastoris" VB #</Process><Process ToolSource="C:\Program Files (x86)\ArcGIS\Desktop10.0\ArcToolbox\Toolboxes\Data Management Tools.tbx\CalculateField" Date="20121204" Time="160828">CalculateField CLC_06_OTALEX_C domin_pt "Domínio de Sistemas Agrosilvopastoris" VB #</Process><Process ToolSource="C:\Program Files (x86)\ArcGIS\Desktop10.0\ArcToolbox\Toolboxes\Data Management Tools.tbx\CalculateField" Date="20121204" Time="160926">CalculateField CLC_06_OTALEX_C domin_es "Dominio de Sistemas Agrosilvopastorales" VB #</Process><Process ToolSource="C:\Program Files (x86)\ArcGIS\Desktop10.0\ArcToolbox\Toolboxes\Data Management Tools.tbx\CalculateField" Date="20121204" Time="161314">CalculateField CLC_06_OTALEX_C domin_pt "Domínios de Floresta Mediterrânica" VB #</Process><Process ToolSource="C:\Program Files (x86)\ArcGIS\Desktop10.0\ArcToolbox\Toolboxes\Data Management Tools.tbx\CalculateField" Date="20121204" Time="161544">CalculateField CLC_06_OTALEX_C domin_es "Dominios Arbolados y Monte Mediterráneo" VB #</Process><Process ToolSource="C:\Program Files (x86)\ArcGIS\Desktop10.0\ArcToolbox\Toolboxes\Data Management Tools.tbx\CalculateField" Date="20121204" Time="162601">CalculateField CLC_06_OTALEX_C domin_es "Dominio de Pastizales y Espacios Abiertos" VB #</Process><Process ToolSource="C:\Program Files (x86)\ArcGIS\Desktop10.0\ArcToolbox\Toolboxes\Data Management Tools.tbx\CalculateField" Date="20121204" Time="162639">CalculateField CLC_06_OTALEX_C domin_pt "Domínio de Pastagens e Vegetação Escassa" VB #</Process><Process ToolSource="C:\Program Files (x86)\ArcGIS\Desktop10.0\ArcToolbox\Toolboxes\Data Management Tools.tbx\CalculateField" Date="20121204" Time="162810">CalculateField CLC_06_OTALEX_C domin_es "Dominio de Aguas Continentales" VB #</Process><Process ToolSource="C:\Program Files (x86)\ArcGIS\Desktop10.0\ArcToolbox\Toolboxes\Data Management Tools.tbx\CalculateField" Date="20121204" Time="162836">CalculateField CLC_06_OTALEX_C domin_pt "Domínio de Águas Continentais" VB #</Process><Process ToolSource="C:\Program Files (x86)\ArcGIS\Desktop10.0\ArcToolbox\Toolboxes\Data Management Tools.tbx\CalculateField" Date="20121204" Time="163045">CalculateField CLC_06_OTALEX_C domin_es "Dominios Costeros y Litorales" VB #</Process><Process ToolSource="C:\Program Files (x86)\ArcGIS\Desktop10.0\ArcToolbox\Toolboxes\Data Management Tools.tbx\CalculateField" Date="20121204" Time="163105">CalculateField CLC_06_OTALEX_C domin_pt "Domínios Costeiros e Litorais" VB #</Process><Process Name="Project_2" ToolSource="C:\Archivos de programa\ArcGIS\ArcToolbox\Toolboxes\Data Management Tools.tbx\Project" Date="20130319" Time="093515">Project CLC_06_OTALEX_C C:\OTALEX-C\ATLAS_OTALEX-C\Capas_Suzete\CLC_06_OTALEX_C_etrs89-h29.shp PROJCS['ETRS_1989_UTM_Zone_29N',GEOGCS['GCS_ETRS_1989',DATUM['D_ETRS_1989',SPHEROID['GRS_1980',6378137.0,298.257222101]],PRIMEM['Greenwich',0.0],UNIT['Degree',0.0174532925199433]],PROJECTION['Transverse_Mercator'],PARAMETER['False_Easting',500000.0],PARAMETER['False_Northing',0.0],PARAMETER['Central_Meridian',-9.0],PARAMETER['Scale_Factor',0.9996],PARAMETER['Latitude_Of_Origin',0.0],UNIT['Meter',1.0]] # PROJCS['ETRS_1989_TM06-Portugal',GEOGCS['GCS_ETRS_1989',DATUM['D_ETRS_1989',SPHEROID['GRS_1980',6378137.0,298.257222101]],PRIMEM['Greenwich',0.0],UNIT['Degree',0.0174532925199433]],PROJECTION['Transverse_Mercator'],PARAMETER['False_Easting',0.0],PARAMETER['False_Northing',0.0],PARAMETER['Central_Meridian',-8.133108333333333],PARAMETER['Scale_Factor',1.0],PARAMETER['Latitude_Of_Origin',39.66825833333333],UNIT['Meter',1.0]]</Process></lineage></DataProperties><MetaID>{A05E7C0C-0677-481B-ABE2-7637CAB7BA2F}</MetaID></Esri><idinfo><native Sync="TRUE">Microsoft Windows Vista Version 6.1 (Build 7600) ; ESRI ArcCatalog 9.3.1.3000</native><descript><langdata Sync="TRUE">pt</langdata><abstract>REQUIRED: A brief narrative summary of the data set.</abstract><purpose>REQUIRED: A summary of the intentions with which the data set was developed.</purpose></descript><citation><citeinfo><origin>REQUIRED: The name of an organization or individual that developed the data set.</origin><pubdate>REQUIRED: The date when the data set is published or otherwise made available for release.</pubdate><title Sync="TRUE">CLC_06_OTALEX_C_corr</title><ftname Sync="TRUE">CLC_06_OTALEX_C_corr</ftname><geoform Sync="TRUE">vector digital data</geoform><onlink Sync="TRUE"></onlink></citeinfo></citation><timeperd><current>REQUIRED: The basis on which the time period of content information is determined.</current><timeinfo><sngdate><caldate>REQUIRED: The year (and optionally month, or month and day) for which the data set corresponds to the ground.</caldate></sngdate></timeinfo></timeperd><status><progress>REQUIRED: The state of the data set.</progress><update>REQUIRED: The frequency with which changes and additions are made to the data set after the initial data set is completed.</update></status><spdom><bounding><westbc Sync="TRUE">-8.910160</westbc><eastbc Sync="TRUE">-4.568004</eastbc><northbc Sync="TRUE">40.519975</northbc><southbc Sync="TRUE">37.246719</southbc></bounding><lboundng><leftbc Sync="TRUE">507959.694947</leftbc><rightbc Sync="TRUE">875962.583660</rightbc><bottombc Sync="TRUE">4130666.926699</bottombc><topbc Sync="TRUE">4485476.193971</topbc></lboundng></spdom><keywords><theme><themekt>REQUIRED: Reference to a formally registered thesaurus or a similar authoritative source of theme keywords.</themekt><themekey>REQUIRED: Common-use word or phrase used to describe the subject of the data set.</themekey></theme></keywords><accconst>REQUIRED: Restrictions and legal prerequisites for accessing the data set.</accconst><useconst>REQUIRED: Restrictions and legal prerequisites for using the data set after access is granted.</useconst><natvform Sync="TRUE">Shapefile</natvform></idinfo><dataIdInfo><envirDesc Sync="TRUE">Microsoft Windows Vista Version 6.1 (Build 7600) ; ESRI ArcCatalog 9.3.1.3000</envirDesc><dataLang><languageCode Sync="TRUE" value="pt"></languageCode></dataLang><idCitation><resTitle Sync="TRUE">CLC_06_OTALEX_C_corr</resTitle><presForm><PresFormCd Sync="TRUE" value="005"></PresFormCd></presForm></idCitation><spatRpType><SpatRepTypCd Sync="TRUE" value="001"></SpatRepTypCd></spatRpType><dataExt><geoEle><GeoBndBox esriExtentType="native"><westBL Sync="TRUE">507959.694947</westBL><eastBL Sync="TRUE">875962.58366</eastBL><northBL Sync="TRUE">4485476.193971</northBL><southBL Sync="TRUE">4130666.926699</southBL><exTypeCode Sync="TRUE">1</exTypeCode></GeoBndBox></geoEle></dataExt><geoBox esriExtentType="decdegrees"><westBL Sync="TRUE">-8.91016</westBL><eastBL Sync="TRUE">-4.568004</eastBL><northBL Sync="TRUE">40.519975</northBL><southBL Sync="TRUE">37.246719</southBL><exTypeCode Sync="TRUE">1</exTypeCode></geoBox></dataIdInfo><metainfo><langmeta Sync="TRUE">pt</langmeta><metstdn Sync="TRUE">FGDC Content Standards for Digital Geospatial Metadata</metstdn><metstdv Sync="TRUE">FGDC-STD-001-1998</metstdv><mettc Sync="TRUE">local time</mettc><metc><cntinfo><cntorgp><cntper>REQUIRED: The person responsible for the metadata information.</cntper><cntorg>REQUIRED: The organization responsible for the metadata information.</cntorg></cntorgp><cntaddr><addrtype>REQUIRED: The mailing and/or physical address for the organization or individual.</addrtype><city>REQUIRED: The city of the address.</city><state>REQUIRED: The state or province of the address.</state><postal>REQUIRED: The ZIP or other postal code of the address.</postal></cntaddr><cntvoice>REQUIRED: The telephone number by which individuals can speak to the organization or individual.</cntvoice></cntinfo></metc><metd Sync="TRUE">20120713</metd><metextns><onlink Sync="TRUE">http://www.esri.com/metadata/esriprof80.html</onlink><metprof Sync="TRUE">ESRI Metadata Profile</metprof></metextns></metainfo><mdLang><languageCode Sync="TRUE" value="pt"></languageCode></mdLang><mdStanName Sync="TRUE">ISO 19115 Geographic Information - Metadata</mdStanName><mdStanVer Sync="TRUE">DIS_ESRI1.0</mdStanVer><mdChar><CharSetCd Sync="TRUE" value="004"></CharSetCd></mdChar><mdHrLv><ScopeCd Sync="TRUE" value="005"></ScopeCd></mdHrLv><mdHrLvName Sync="TRUE">dataset</mdHrLvName><distinfo><resdesc Sync="TRUE">Downloadable Data</resdesc><stdorder><digform><digtinfo><transize Sync="TRUE">0,000</transize><dssize Sync="TRUE">0,000</dssize></digtinfo></digform></stdorder></distinfo><distInfo><distributor><distorTran><onLineSrc><orDesc Sync="TRUE">002</orDesc><linkage Sync="TRUE">file://</linkage><protocol Sync="TRUE">Local Area Network</protocol></onLineSrc><transSize Sync="TRUE">0,000</transSize></distorTran><distorFormat><formatName Sync="TRUE">Shapefile</formatName></distorFormat></distributor></distInfo><spdoinfo><direct Sync="TRUE">Vector</direct><ptvctinf><esriterm Name="CLC_06_OTALEX_C_corr"><efeatyp Sync="TRUE">Simple</efeatyp><efeageom Sync="TRUE">Polygon</efeageom><esritopo Sync="TRUE">FALSE</esritopo><efeacnt Sync="TRUE">0</efeacnt><spindex Sync="TRUE">FALSE</spindex><linrefer Sync="TRUE">FALSE</linrefer></esriterm><sdtsterm Name="CLC_06_OTALEX_C_corr"><sdtstype Sync="TRUE">G-polygon</sdtstype><ptvctcnt Sync="TRUE">0</ptvctcnt></sdtsterm></ptvctinf></spdoinfo><spref><horizsys><cordsysn><geogcsn Sync="TRUE">GCS_ETRS_1989</geogcsn><projcsn Sync="TRUE">ETRS_1989_TM06-Portugal</projcsn></cordsysn><geodetic><horizdn Sync="TRUE">D_ETRS_1989</horizdn><ellips Sync="TRUE">Geodetic Reference System 80</ellips><semiaxis Sync="TRUE">6378137.000000</semiaxis><denflat Sync="TRUE">298.257222</denflat></geodetic><planar><planci><plance Sync="TRUE">coordinate pair</plance><plandu Sync="TRUE">meters</plandu><coordrep><absres Sync="TRUE">0.000000</absres><ordres Sync="TRUE">0.000000</ordres></coordrep></planci><mapproj><mapprojn Sync="TRUE">Transverse Mercator</mapprojn><transmer><sfctrmer Sync="TRUE">1.000000</sfctrmer><longcm Sync="TRUE">-8.133108</longcm><latprjo Sync="TRUE">39.668258</latprjo><feast Sync="TRUE">0.000000</feast><fnorth Sync="TRUE">0.000000</fnorth></transmer></mapproj></planar></horizsys><vertdef><altsys><altenc Sync="TRUE">Explicit elevation coordinate included with horizontal coordinates</altenc><altres Sync="TRUE">0.000100</altres></altsys></vertdef></spref><refSysInfo><RefSystem><refSysID><identCode Sync="TRUE">ETRS_1989_TM06-Portugal</identCode></refSysID></RefSystem></refSysInfo><spatRepInfo><VectSpatRep><topLvl><TopoLevCd Sync="TRUE" value="001"></TopoLevCd></topLvl><geometObjs Name="CLC_06_OTALEX_C_corr"><geoObjTyp><GeoObjTypCd Sync="TRUE" value="001"></GeoObjTypCd></geoObjTyp><geoObjCnt Sync="TRUE">0</geoObjCnt></geometObjs></VectSpatRep></spatRepInfo><eainfo><detailed Name="CLC_06_OTALEX_C_corr"><enttyp><enttypl Sync="TRUE">CLC_06_OTALEX_C_corr</enttypl><enttypt Sync="TRUE">Feature Class</enttypt><enttypc Sync="TRUE">0</enttypc></enttyp><attr><attrlabl Sync="TRUE">FID</attrlabl><attalias Sync="TRUE">FID</attalias><attrtype Sync="TRUE">OID</attrtype><attwidth Sync="TRUE">4</attwidth><atprecis Sync="TRUE">0</atprecis><attscale Sync="TRUE">0</attscale><attrdef Sync="TRUE">Internal feature number.</attrdef><attrdefs Sync="TRUE">ESRI</attrdefs><attrdomv><udom Sync="TRUE">Sequential unique whole numbers that are automatically generated.</udom></attrdomv></attr><attr><attrlabl Sync="TRUE">OBJECTID</attrlabl><attalias Sync="TRUE">OBJECTID</attalias><attrtype Sync="TRUE">Number</attrtype><attwidth Sync="TRUE">9</attwidth><attrdef Sync="TRUE">Internal feature number.</attrdef><attrdefs Sync="TRUE">ESRI</attrdefs><attrdomv><udom Sync="TRUE">Sequential unique whole numbers that are automatically generated.</udom></attrdomv></attr><attr><attrlabl Sync="TRUE">Shape</attrlabl><attalias Sync="TRUE">Shape</attalias><attrtype Sync="TRUE">Geometry</attrtype><attwidth Sync="TRUE">0</attwidth><atprecis Sync="TRUE">0</atprecis><attscale Sync="TRUE">0</attscale><attrdef Sync="TRUE">Feature geometry.</attrdef><attrdefs Sync="TRUE">ESRI</attrdefs><attrdomv><udom Sync="TRUE">Coordinates defining the features.</udom></attrdomv></attr><attr><attrlabl Sync="TRUE">code_06</attrlabl><attalias Sync="TRUE">code_06</attalias><attrtype Sync="TRUE">String</attrtype><attwidth Sync="TRUE">254</attwidth></attr><attr><attrlabl Sync="TRUE">LEYENDA_ES</attrlabl><attalias Sync="TRUE">LEYENDA_ES</attalias><attrtype Sync="TRUE">String</attrtype><attwidth Sync="TRUE">29</attwidth></attr><attr><attrlabl Sync="TRUE">LEGENDA_PT</attrlabl><attalias Sync="TRUE">LEGENDA_PT</attalias><attrtype Sync="TRUE">String</attrtype><attwidth Sync="TRUE">31</attwidth></attr><attr><attrlabl Sync="TRUE">GRUPOS</attrlabl><attalias Sync="TRUE">GRUPOS</attalias><attrtype Sync="TRUE">Number</attrtype><attwidth Sync="TRUE">4</attwidth></attr><attr><attrlabl Sync="TRUE">domin_es</attrlabl><attalias Sync="TRUE">domin_es</attalias><attrtype Sync="TRUE">String</attrtype><attwidth Sync="TRUE">100</attwidth></attr><attr><attrlabl Sync="TRUE">domin_pt</attrlabl><attalias Sync="TRUE">domin_pt</attalias><attrtype Sync="TRUE">String</attrtype><attwidth Sync="TRUE">100</attwidth></attr><attr><attrlabl Sync="TRUE">ID</attrlabl><attalias Sync="TRUE">ID</attalias><attrtype Sync="TRUE">String</attrtype><attwidth Sync="TRUE">18</attwidth></attr><attr><attrlabl Sync="TRUE">Shape_Leng</attrlabl><attalias Sync="TRUE">Shape_Leng</attalias><attrtype Sync="TRUE">Float</attrtype><attwidth Sync="TRUE">19</attwidth><atnumdec Sync="TRUE">11</atnumdec></attr><attr><attrlabl Sync="TRUE">ORIG_FID</attrlabl><attalias Sync="TRUE">ORIG_FID</attalias><attrtype Sync="TRUE">Number</attrtype><attwidth Sync="TRUE">9</attwidth></attr><attr><attrlabl Sync="TRUE">DOMMIN_ES</attrlabl><attalias Sync="TRUE">DOMMIN_ES</attalias><attrtype Sync="TRUE">String</attrtype><attwidth Sync="TRUE">50</attwidth></attr><attr><attrlabl Sync="TRUE">LEGENDA</attrlabl><attalias Sync="TRUE">LEGENDA</attalias><attrtype Sync="TRUE">String</attrtype><attwidth Sync="TRUE">80</attwidth></attr><attr><attrlabl Sync="TRUE">Shape_Area</attrlabl><attalias Sync="TRUE">Shape_Area</attalias><attrtype Sync="TRUE">Float</attrtype><attwidth Sync="TRUE">19</attwidth><attrdef Sync="TRUE">Area of feature in internal units squared.</attrdef><attrdefs Sync="TRUE">ESRI</attrdefs><attrdomv><udom Sync="TRUE">Positive real numbers that are automatically generated.</udom></attrdomv><atnumdec Sync="TRUE">11</atnumdec></attr></detailed></eainfo><mdDateSt Sync="TRUE">20120713</mdDateSt><dataqual><lineage><procstep><procdesc Sync="TRUE">Dataset copied.</procdesc><srcused Sync="TRUE">\\LAB_SIG64-PC\C$\Users\lab_sig64\Desktop\OTALEX_C\otalexII.mdb</srcused><procdate Sync="TRUE">20120524</procdate><proctime Sync="TRUE">12315100</proctime></procstep><procstep><procdesc Sync="TRUE">Dataset copied.</procdesc><srcused Sync="TRUE"></srcused><procdate Sync="TRUE">20120527</procdate><proctime Sync="TRUE">23173800</proctime></procstep><procstep><procdesc Sync="TRUE">Dataset copied.</procdesc><srcused Sync="TRUE">\\LAB_SIG64-PC\C$\Users\lab_sig64\Desktop\OTALEX_C\GDB_OTALEXC\otalex_C.mdb</srcused><procdate Sync="TRUE">20120713</procdate><proctime Sync="TRUE">12543500</proctime></procstep><procstep><procdesc Sync="TRUE">Dataset copied.</procdesc><srcused Sync="TRUE">C:\Users\lab_sig64\Desktop\CLC_rec\CLC_06_OTALEX_C_corr</srcused><procdate Sync="TRUE">20121116</procdate><proctime Sync="TRUE">18164500</proctime></procstep><procstep><procdesc Sync="TRUE">Dataset copied.</procdesc><srcused Sync="TRUE">C:\Users\lab_sig64\Desktop\OTALEX_C\Info_enviada\a_enviar_ftp_cartog_indicadores\CLC_06_OTALEX_C</srcused><procdate Sync="TRUE">20121204</procdate><proctime Sync="TRUE">10401800</proctime></procstep><procstep><procdesc Sync="TRUE">Dataset copied.</procdesc><srcused Sync="TRUE"></srcused><date Sync="TRUE">20130319</date><time Sync="TRUE">09351400</time></procstep></lineage></dataqual></metadata>
