<?xml version="1.0"?>
<!--<!DOCTYPE metadata SYSTEM "http://www.esri.com/metadata/esriprof80.dtd">-->
<metadata xml:lang="pt"><Esri><CreaDate>20121203</CreaDate><CreaTime>15372800</CreaTime><SyncOnce>FALSE</SyncOnce><SyncDate>20121203</SyncDate><SyncTime>10422700</SyncTime><ModDate>20121203</ModDate><ModTime>10422700</ModTime><DataProperties><lineage><Process ToolSource="C:\Program Files\ArcGIS\ArcToolbox\Toolboxes\Data Management Tools.tbx\CopyFeatures" Date="20081105" Time="104515">CopyFeatures C:\500k_2007\500k_08\layer\auto_estarada_itc.lyr C:\500k_2007\500k_08\500k_08.mdb\Transportes\auto_estarada_itc_lyr # 0 0 0</Process><Process ToolSource="C:\Program Files\ArcGIS\ArcToolbox\Toolboxes\Data Management Tools.tbx\Merge" Date="20081125" Time="095626">Merge 'C:\Projectos Dani\500k\500k_danielr.mdb\Transportes\auto_estrada_itc_lyr';'C:\Projectos Dani\500k\500k_danielr.mdb\Transportes\auto_estrada_itp_lyr' "C:\Projectos Dani\500k\500k_danielr.mdb\Transportes\auto_estrada" "Descricao 'Descricao' true true false 50 Text 0 0 ,First,#,C:\Projectos Dani\500k\500k_danielr.mdb\Transportes\auto_estrada_itc_lyr,Descricao,-1,-1,C:\Projectos Dani\500k\500k_danielr.mdb\Transportes\auto_estrada_itp_lyr,Descricao,-1,-1;SHAPE_Length 'SHAPE_Length' false true true 8 Double 0 0 ,First,#,C:\Projectos Dani\500k\500k_danielr.mdb\Transportes\auto_estrada_itc_lyr,SHAPE_Length,-1,-1,C:\Projectos Dani\500k\500k_danielr.mdb\Transportes\auto_estrada_itp_lyr,SHAPE_Length,-1,-1;Nome 'Nome' true true false 50 Text 0 0 ,First,#,C:\Projectos Dani\500k\500k_danielr.mdb\Transportes\auto_estrada_itc_lyr,Nome,-1,-1,C:\Projectos Dani\500k\500k_danielr.mdb\Transportes\auto_estrada_itp_lyr,Nome,-1,-1"</Process><Process ToolSource="C:\Program Files\ArcGIS\ArcToolbox\Toolboxes\Data Management Tools.tbx\Merge" Date="20081126" Time="090753">Merge 'C:\Projectos Dani\500k\500k_danielr.mdb\Transportes\auto_estrada';'C:\Projectos Dani\500k\500k_danielr.mdb\Transportes\IC_lyr';'C:\Projectos Dani\500k\500k_danielr.mdb\Transportes\IP_lyr' "C:\Projectos Dani\500k\500k_danielr.mdb\Transportes\auto_estrada_IC_IP" "Descricao 'Descricao' true true false 50 Text 0 0 ,First,#,C:\Projectos Dani\500k\500k_danielr.mdb\Transportes\auto_estrada,Descricao,-1,-1,C:\Projectos Dani\500k\500k_danielr.mdb\Transportes\IC_lyr,Descricao,-1,-1,C:\Projectos Dani\500k\500k_danielr.mdb\Transportes\IP_lyr,Descricao,-1,-1;Nome 'Nome' true true false 50 Text 0 0 ,First,#,C:\Projectos Dani\500k\500k_danielr.mdb\Transportes\auto_estrada,Nome,-1,-1,C:\Projectos Dani\500k\500k_danielr.mdb\Transportes\IC_lyr,Nome,-1,-1,C:\Projectos Dani\500k\500k_danielr.mdb\Transportes\IP_lyr,Nome,-1,-1;Shape_Length 'Shape_Length' false true true 8 Double 0 0 ,First,#,C:\Projectos Dani\500k\500k_danielr.mdb\Transportes\auto_estrada,Shape_Length,-1,-1,C:\Projectos Dani\500k\500k_danielr.mdb\Transportes\IC_lyr,SHAPE_Length,-1,-1,C:\Projectos Dani\500k\500k_danielr.mdb\Transportes\IP_lyr,SHAPE_Length,-1,-1"</Process><Process ToolSource="C:\Program Files\ArcGIS\ArcToolbox\Toolboxes\Data Management Tools.tbx\Merge" Date="20081126" Time="114544">Merge 'C:\Projectos Dani\500k\500k_danielr.mdb\Transportes\auto_estrada_IC_IP';'C:\Projectos Dani\500k\500k_danielr.mdb\Transportes\estrada_nacional_lyr' "C:\Projectos Dani\500k\500k_danielr.mdb\Transportes\auto_estrada_IC_IP_EN" "Descricao 'Descricao' true true false 50 Text 0 0 ,First,#,C:\Projectos Dani\500k\500k_danielr.mdb\Transportes\auto_estrada_IC_IP,Descricao,-1,-1,C:\Projectos Dani\500k\500k_danielr.mdb\Transportes\estrada_nacional_lyr,Descricao,-1,-1;Nome 'Nome' true true false 50 Text 0 0 ,First,#,C:\Projectos Dani\500k\500k_danielr.mdb\Transportes\auto_estrada_IC_IP,Nome,-1,-1,C:\Projectos Dani\500k\500k_danielr.mdb\Transportes\estrada_nacional_lyr,Nome,-1,-1;Shape_Length 'Shape_Length' false true true 8 Double 0 0 ,First,#,C:\Projectos Dani\500k\500k_danielr.mdb\Transportes\auto_estrada_IC_IP,Shape_Length,-1,-1,C:\Projectos Dani\500k\500k_danielr.mdb\Transportes\estrada_nacional_lyr,SHAPE_Length,-1,-1"</Process><Process ToolSource="C:\Program Files\ArcGIS\ArcToolbox\Toolboxes\Data Management Tools.tbx\Merge" Date="20081126" Time="142224">Merge 'C:\Projectos Dani\500k\500k_danielr.mdb\Transportes\auto_estrada_IC_IP_EN';'C:\Projectos Dani\500k\500k_danielr.mdb\Transportes\LimitesRedeViaria_norte' "C:\Projectos Dani\500k\500k_danielr.mdb\Transportes\auto_estrada_IC_IP_EN_Norte" "Descricao 'Descricao' true true false 50 Text 0 0 ,First,#,C:\Projectos Dani\500k\500k_danielr.mdb\Transportes\auto_estrada_IC_IP_EN,Descricao,-1,-1,C:\Projectos Dani\500k\500k_danielr.mdb\Transportes\LimitesRedeViaria_norte,Descricao,-1,-1;Nome 'Nome' true true false 50 Text 0 0 ,First,#,C:\Projectos Dani\500k\500k_danielr.mdb\Transportes\auto_estrada_IC_IP_EN,Nome,-1,-1,C:\Projectos Dani\500k\500k_danielr.mdb\Transportes\LimitesRedeViaria_norte,Nome,-1,-1;Shape_Length 'Shape_Length' false true true 8 Double 0 0 ,First,#,C:\Projectos Dani\500k\500k_danielr.mdb\Transportes\auto_estrada_IC_IP_EN,Shape_Length,-1,-1,C:\Projectos Dani\500k\500k_danielr.mdb\Transportes\LimitesRedeViaria_norte,SHAPE_Length,-1,-1"</Process><Process Name="FeatureClassToFeatureClass_1" ToolSource="C:\Program Files\ArcGIS\ArcToolbox\Toolboxes\Conversion Tools.tbx\FeatureClassToFeatureClass" Date="20081205" Time="104126">FeatureClassToFeatureClass \\igp-app\cgc_aqui\danielr\500k\500k_danielr.mdb\Transportes\auto_estrada_IC_IP_EN_Norte C:\500k\500k_ecasimiro.mdb\Transportes AE_IC_IP_norte # "Descricao Descricao true true false 50 Text 0 0 ,First,#,\\igp-app\cgc_aqui\danielr\500k\500k_danielr.mdb\Transportes\auto_estrada_IC_IP_EN_Norte,Descricao,-1,-1;Nome Nome true true false 50 Text 0 0 ,First,#,\\igp-app\cgc_aqui\danielr\500k\500k_danielr.mdb\Transportes\auto_estrada_IC_IP_EN_Norte,Nome,-1,-1;Shape_Length Shape_Length false true true 8 Double 0 0 ,First,#,\\igp-app\cgc_aqui\danielr\500k\500k_danielr.mdb\Transportes\auto_estrada_IC_IP_EN_Norte,Shape_Length,-1,-1" # C:\500k\500k_ecasimiro.mdb\Transportes\AE_IC_IP_norte</Process><Process Name="Merge_2" ToolSource="C:\Program Files\ArcGIS\ArcToolbox\Toolboxes\Data Management Tools.tbx\Merge" Date="20081205" Time="104310">Merge C:\500k\500k_ecasimiro.mdb\Transportes\AE_IC_IP_EN_estradas_norte;C:\500k\500k_ecasimiro.mdb\Transportes\LimitesRedeViaria_sul C:\500k\500k_ecasimiro.mdb\Transportes\rede_viaria "Descricao Descricao true true false 50 Text 0 0 ,First,#,C:\500k\500k_ecasimiro.mdb\Transportes\AE_IC_IP_EN_estradas_norte,Descricao,-1,-1,C:\500k\500k_ecasimiro.mdb\Transportes\LimitesRedeViaria_sul,Descricao,-1,-1;Nome Nome true true false 50 Text 0 0 ,First,#,C:\500k\500k_ecasimiro.mdb\Transportes\AE_IC_IP_EN_estradas_norte,Nome,-1,-1,C:\500k\500k_ecasimiro.mdb\Transportes\LimitesRedeViaria_sul,Nome,-1,-1;Shape_Length Shape_Length false true true 8 Double 0 0 ,First,#,C:\500k\500k_ecasimiro.mdb\Transportes\AE_IC_IP_EN_estradas_norte,Shape_Length,-1,-1,C:\500k\500k_ecasimiro.mdb\Transportes\LimitesRedeViaria_sul,SHAPE_Length,-1,-1"</Process><Process ToolSource="C:\Program Files\ArcGIS\ArcToolbox\Toolboxes\Data Management Tools.tbx\CopyFeatures" Date="20081222" Time="151624">CopyFeatures C:\500k_2007\500k_08\backup\500k_ecasimiro.mdb\Transportes\rede_viaria C:\500k_2007\500k_08\danilo\transportes\rede_viaria.shp # 0 0 0</Process><Process ToolSource="C:\Program Files\ArcGIS\ArcToolbox\Toolboxes\Data Management Tools.tbx\CopyFeatures" Date="20090106" Time="120154">CopyFeatures C:\500k_2007\500k_08\danilo\transportes\rede_viaria.shp C:\500k_2007\500k_08\backup\500k_backup.gdb\Transportes\rede_viaria # 0 0 0</Process><Process ToolSource="C:\Program Files\ArcGIS\ArcToolbox\Toolboxes\Data Management Tools.tbx\CopyFeatures" Date="20090108" Time="153320">CopyFeatures C:\500k_2007\500k_08\backup\500k_backup.gdb\Transportes\rede_viaria C:\500k_2007\500k_08\500k_08.mdb\Transportes\rede_viaria # 0 0 0</Process><Process ToolSource="C:\Program Files\ArcGIS\ArcToolbox\Toolboxes\Data Management Tools.tbx\CopyFeatures" Date="20090202" Time="104426">CopyFeatures C:\500k_2007\500k_08\500k_08.mdb\Transportes\rede_viaria \\igp-app\cgc_aqui\jfonseca\500k_2007\geodatabase\500k_08_jfonseca.mdb\Transportes\rede_viaria # 0 0 0</Process><Process ToolSource="C:\Program Files\ArcGIS\ArcToolbox\Toolboxes\Data Management Tools.tbx\Dissolve" Date="20090310" Time="111931">Dissolve X:\500k_2007\geodatabase\500k_08_jfonseca.mdb\Transportes\rede_viaria X:\500k_2007\geodatabase\500k_08_jfonseca.mdb\Transportes\rede_viaria_D Descricao;Nome # SINGLE_PART DISSOLVE_LINES</Process><Process ToolSource="C:\Program Files\ArcGIS\ArcToolbox\Toolboxes\Cartography Tools.tbx\AddRepresentation" Date="20090310" Time="112030">AddRepresentation X:\500k_2007\geodatabase\500k_08_jfonseca.mdb\Transportes\rede_viaria_D rede_viaria_D_Rep RuleID Override STORE_CHANGE_AS_OVERRIDE # ASSIGN X:\500k_2007\geodatabase\500k_08_jfonseca.mdb\Transportes\rede_viaria_D</Process><Process ToolSource="C:\Program Files\ArcGIS\ArcToolbox\Toolboxes\Cartography Tools.tbx\CalculateLineCaps" Date="20090320" Time="114936">CalculateLineCaps TRANSPORTES\rede_viaria_D SQUARE CASED_LINE_DANGLE TRANSPORTES\rede_viaria_D</Process><Process ToolSource="C:\Program Files\ArcGIS\ArcToolbox\Toolboxes\Cartography Tools.tbx\RemoveOverride" Date="20090416" Time="152422">RemoveOverride TRANSPORTES\rede_viaria_D rede_viaria_D_Rep BOTH TRANSPORTES\rede_viaria_D</Process><Process Name="Set CAD Alias" ToolSource="C:\Program Files\ArcGIS\ArcToolbox\Toolboxes\Conversion Tools.tbx\SetCADAlias" Date="20111130" Time="091244">SetCADAlias C:\Work\500k\500k_backup_21Nov\500k_08.mdb\rede_viaria_mask\rede_viaria_D "Descricao '' VISIBLE NONE;Nome '' VISIBLE NONE;RuleID RuleID VISIBLE NONE;Override Override VISIBLE NONE;Shape_Length Shape_Length VISIBLE NONE;Designa Layer VISIBLE NONE" C:\Work\500k\500k_backup_21Nov\500k_08.mdb\rede_viaria_mask\rede_viaria_D</Process><Process ToolSource="C:\Program Files (x86)\ArcGIS\ArcToolbox\Toolboxes\Analysis Tools.tbx\Clip" Date="20121203" Time="104233">Clip Estradas Euroace_PT C:\Users\lab_sig64\Desktop\OTALEX_C\GDB_OTALEXC_anual\Cartog_trab\Rios_ViasComunic\vias_comunicacao\vias_comunicacao_rod.shp #</Process></lineage></DataProperties><MetaID>{B2B073BD-4B43-4A28-8AB8-9D4BA4BDBC7B}</MetaID></Esri><idinfo><native Sync="TRUE">Microsoft Windows Vista Version 6.1 (Build 7600) ; ESRI ArcCatalog 9.3.1.3000</native><descript><langdata Sync="TRUE">pt</langdata><abstract>REQUIRED: A brief narrative summary of the data set.</abstract><purpose>REQUIRED: A summary of the intentions with which the data set was developed.</purpose></descript><citation><citeinfo><origin>REQUIRED: The name of an organization or individual that developed the data set.</origin><pubdate>REQUIRED: The date when the data set is published or otherwise made available for release.</pubdate><title Sync="TRUE">vias_comunicacao_rod</title><ftname Sync="TRUE">vias_comunicacao_rod</ftname><geoform Sync="TRUE">vector digital data</geoform><onlink Sync="TRUE">\\LAB_SIG64-PC\C$\Users\lab_sig64\Desktop\OTALEX_C\Info_enviada\20121203_a enviar_ftp\v_comunicacao_PT\vias_comunicacao_rod</onlink></citeinfo></citation><timeperd><current>REQUIRED: The basis on which the time period of content information is determined.</current><timeinfo><sngdate><caldate>REQUIRED: The year (and optionally month, or month and day) for which the data set corresponds to the ground.</caldate></sngdate></timeinfo></timeperd><status><progress>REQUIRED: The state of the data set.</progress><update>REQUIRED: The frequency with which changes and additions are made to the data set after the initial data set is completed.</update></status><spdom><bounding><westbc Sync="TRUE">REQUIRED: Western-most coordinate of the limit of coverage expressed in longitude.</westbc><eastbc Sync="TRUE">REQUIRED: Eastern-most coordinate of the limit of coverage expressed in longitude.</eastbc><northbc Sync="TRUE">REQUIRED: Northern-most coordinate of the limit of coverage expressed in latitude.</northbc><southbc Sync="TRUE">REQUIRED: Southern-most coordinate of the limit of coverage expressed in latitude.</southbc></bounding></spdom><keywords><theme><themekt>REQUIRED: Reference to a formally registered thesaurus or a similar authoritative source of theme keywords.</themekt><themekey>REQUIRED: Common-use word or phrase used to describe the subject of the data set.</themekey></theme></keywords><accconst>REQUIRED: Restrictions and legal prerequisites for accessing the data set.</accconst><useconst>REQUIRED: Restrictions and legal prerequisites for using the data set after access is granted.</useconst><natvform Sync="TRUE">Shapefile</natvform></idinfo><dataIdInfo><envirDesc Sync="TRUE">Microsoft Windows Vista Version 6.1 (Build 7600) ; ESRI ArcCatalog 9.3.1.3000</envirDesc><dataLang><languageCode Sync="TRUE" value="pt"></languageCode></dataLang><idCitation><resTitle Sync="TRUE">vias_comunicacao_rod</resTitle><presForm><PresFormCd Sync="TRUE" value="005"></PresFormCd></presForm></idCitation><spatRpType><SpatRepTypCd Sync="TRUE" value="001"></SpatRepTypCd></spatRpType></dataIdInfo><metainfo><langmeta Sync="TRUE">pt</langmeta><metstdn Sync="TRUE">FGDC Content Standards for Digital Geospatial Metadata</metstdn><metstdv Sync="TRUE">FGDC-STD-001-1998</metstdv><mettc Sync="TRUE">local time</mettc><metc><cntinfo><cntorgp><cntper>REQUIRED: The person responsible for the metadata information.</cntper><cntorg>REQUIRED: The organization responsible for the metadata information.</cntorg></cntorgp><cntaddr><addrtype>REQUIRED: The mailing and/or physical address for the organization or individual.</addrtype><city>REQUIRED: The city of the address.</city><state>REQUIRED: The state or province of the address.</state><postal>REQUIRED: The ZIP or other postal code of the address.</postal></cntaddr><cntvoice>REQUIRED: The telephone number by which individuals can speak to the organization or individual.</cntvoice></cntinfo></metc><metd Sync="TRUE">20121203</metd><metextns><onlink Sync="TRUE">http://www.esri.com/metadata/esriprof80.html</onlink><metprof Sync="TRUE">ESRI Metadata Profile</metprof></metextns></metainfo><mdLang><languageCode Sync="TRUE" value="pt"></languageCode></mdLang><mdStanName Sync="TRUE">ISO 19115 Geographic Information - Metadata</mdStanName><mdStanVer Sync="TRUE">DIS_ESRI1.0</mdStanVer><mdChar><CharSetCd Sync="TRUE" value="004"></CharSetCd></mdChar><mdHrLv><ScopeCd Sync="TRUE" value="005"></ScopeCd></mdHrLv><mdHrLvName Sync="TRUE">dataset</mdHrLvName><distinfo><resdesc Sync="TRUE">Downloadable Data</resdesc><stdorder><digform><digtinfo><transize Sync="TRUE">0,000</transize><dssize Sync="TRUE">0,000</dssize></digtinfo></digform></stdorder></distinfo><distInfo><distributor><distorTran><onLineSrc><orDesc Sync="TRUE">002</orDesc><linkage Sync="TRUE">file://\\LAB_SIG64-PC\C$\Users\lab_sig64\Desktop\OTALEX_C\Info_enviada\20121203_a enviar_ftp\v_comunicacao_PT\vias_comunicacao_rod</linkage><protocol Sync="TRUE">Local Area Network</protocol></onLineSrc><transSize Sync="TRUE">0,000</transSize></distorTran><distorFormat><formatName Sync="TRUE">Shapefile</formatName></distorFormat></distributor></distInfo><spdoinfo><direct Sync="TRUE">Vector</direct><ptvctinf><esriterm Name="vias_comunicacao_rod"><efeatyp Sync="TRUE">Simple</efeatyp><efeageom Sync="TRUE">Polyline</efeageom><esritopo Sync="TRUE">FALSE</esritopo><efeacnt Sync="TRUE">0</efeacnt><spindex Sync="TRUE">FALSE</spindex><linrefer Sync="TRUE">FALSE</linrefer></esriterm><sdtsterm Name="vias_comunicacao_rod"><sdtstype Sync="TRUE">String</sdtstype><ptvctcnt Sync="TRUE">0</ptvctcnt></sdtsterm></ptvctinf></spdoinfo><spref><horizsys><cordsysn><geogcsn Sync="TRUE">GCS_ETRS_1989</geogcsn><projcsn Sync="TRUE">ETRS_1989_TM06-Portugal</projcsn></cordsysn><planar><planci><plance Sync="TRUE">coordinate pair</plance><plandu Sync="TRUE">meters</plandu><coordrep><absres Sync="TRUE">0.000000</absres><ordres Sync="TRUE">0.000000</ordres></coordrep></planci><mapproj><mapprojn Sync="TRUE">Transverse Mercator</mapprojn><transmer><sfctrmer Sync="TRUE">1.000000</sfctrmer><longcm Sync="TRUE">-8.133108</longcm><latprjo Sync="TRUE">39.668258</latprjo><feast Sync="TRUE">0.000000</feast><fnorth Sync="TRUE">0.000000</fnorth></transmer></mapproj></planar><geodetic><horizdn Sync="TRUE">D_ETRS_1989</horizdn><ellips Sync="TRUE">Geodetic Reference System 80</ellips><semiaxis Sync="TRUE">6378137.000000</semiaxis><denflat Sync="TRUE">298.257222</denflat></geodetic></horizsys><vertdef><altsys><altenc Sync="TRUE">Explicit elevation coordinate included with horizontal coordinates</altenc><altres Sync="TRUE">0.000100</altres></altsys></vertdef></spref><refSysInfo><RefSystem><refSysID><identCode Sync="TRUE">ETRS_1989_TM06-Portugal</identCode></refSysID></RefSystem></refSysInfo><spatRepInfo><VectSpatRep><topLvl><TopoLevCd Sync="TRUE" value="001"></TopoLevCd></topLvl><geometObjs Name="vias_comunicacao_rod"><geoObjTyp><GeoObjTypCd Sync="TRUE" value="001"></GeoObjTypCd></geoObjTyp><geoObjCnt Sync="TRUE">0</geoObjCnt></geometObjs></VectSpatRep></spatRepInfo><eainfo><detailed Name="vias_comunicacao_rod"><enttyp><enttypl Sync="TRUE">vias_comunicacao_rod</enttypl><enttypt Sync="TRUE">Feature Class</enttypt><enttypc Sync="TRUE">0</enttypc></enttyp><attr><attrlabl Sync="TRUE">SHAPE</attrlabl><attalias Sync="TRUE">FID</attalias><attrtype Sync="TRUE">OID</attrtype><attwidth Sync="TRUE">4</attwidth><attrdef Sync="TRUE">Feature geometry.</attrdef><attrdefs Sync="TRUE">ESRI</attrdefs><attrdomv><udom Sync="TRUE">Coordinates defining the features.</udom></attrdomv><atprecis Sync="TRUE">0</atprecis><attscale Sync="TRUE">0</attscale></attr><attr><attrlabl Sync="TRUE">Shape</attrlabl><attalias Sync="TRUE">Shape</attalias><attrtype Sync="TRUE">Geometry</attrtype><attwidth Sync="TRUE">0</attwidth><atprecis Sync="TRUE">0</atprecis><attscale Sync="TRUE">0</attscale><attrdef Sync="TRUE">Feature geometry.</attrdef><attrdefs Sync="TRUE">ESRI</attrdefs><attrdomv><udom Sync="TRUE">Coordinates defining the features.</udom></attrdomv></attr><attr><attrlabl Sync="TRUE">NONBRE</attrlabl><attalias Sync="TRUE">NONBRE</attalias><attrtype Sync="TRUE">String</attrtype><attwidth Sync="TRUE">64</attwidth></attr><attr><attrlabl Sync="TRUE">TABLA</attrlabl><attalias Sync="TRUE">TABLA</attalias><attrtype Sync="TRUE">String</attrtype><attwidth Sync="TRUE">50</attwidth></attr><attr><attrlabl Sync="TRUE">PAIS</attrlabl><attalias Sync="TRUE">PAIS</attalias><attrtype Sync="TRUE">String</attrtype><attwidth Sync="TRUE">50</attwidth></attr></detailed></eainfo><mdDateSt Sync="TRUE">20121203</mdDateSt><dataqual><lineage><procstep><procdesc Sync="TRUE">Dataset copied.</procdesc><srcused Sync="TRUE">\\igp-app\cgc_aqui\jfonseca\500k_2007\geodatabase\500k_08_jfonseca.mdb</srcused><procdate Sync="TRUE">20090319</procdate><proctime Sync="TRUE">12375400</proctime></procstep><procstep><procdesc Sync="TRUE">Dataset copied.</procdesc><srcused Sync="TRUE">\\CGC-AQUI-19\C$\500k_2007\500k_08\500k_08_jfonseca.mdb</srcused><procdate Sync="TRUE">20090319</procdate><proctime Sync="TRUE">14490600</proctime></procstep><procstep><procdesc Sync="TRUE">Dataset copied.</procdesc><srcused Sync="TRUE">\\NAT-6F9E92C47BA\E\LQ_Nova\500k_2012.mdb</srcused><procdate Sync="TRUE">20121123</procdate><proctime Sync="TRUE">15492500</proctime></procstep><procstep><procdesc Sync="TRUE">Dataset copied.</procdesc><srcused Sync="TRUE">C:\Users\lab_sig64\Desktop\OTALEX_C\GDB_OTALEXC_anual\Cartog_trab\Rios_ViasComunic\vias_comunicacao\vias_comunicacao_rod</srcused><procdate Sync="TRUE">20121203</procdate><proctime Sync="TRUE">15372800</proctime></procstep></lineage></dataqual></metadata>
