<?xml version="1.0"?>
<!--<!DOCTYPE metadata SYSTEM "http://www.esri.com/metadata/esriprof80.dtd">-->
<metadata xml:lang="es"><Esri><MetaID>{2E803D56-58A2-408F-81A3-463D45DF6203}</MetaID><CreaDate>20120417</CreaDate><CreaTime>09351100</CreaTime><SyncOnce>FALSE</SyncOnce><SyncDate>20120424</SyncDate><SyncTime>09311400</SyncTime><ModDate>20120424</ModDate><ModTime>09311400</ModTime><DataProperties><lineage><Process Name="Clip_3" ToolSource="C:\Archivos de programa\ArcGIS\ArcToolbox\Toolboxes\Analysis Tools.tbx\Clip" Date="20120417" Time="093524">Clip contornos_portugal freguesias_centro_portugal C:\PETICIONES\00_CLC_Centro\contornos_urbanos_Centro.shp #</Process><Process Name="Intersect_3" ToolSource="C:\Archivos de programa\ArcGIS\ArcToolbox\Toolboxes\Analysis Tools.tbx\Intersect" Date="20120417" Time="132541">Intersect "contornos_urbanos_Centro #;EuroACE_300_etrs89h29 #" "D:\Agencia\Otalex\OTALEX C\1_LIMITES_ADMINISTRATIVOS\Def\centrointersect.shp" ALL # INPUT</Process><Process Name="Dissolve_6" ToolSource="C:\Archivos de programa\ArcGIS\ArcToolbox\Toolboxes\Data Management Tools.tbx\Dissolve" Date="20120417" Time="133607">Dissolve centrointersect "D:\Agencia\Otalex\OTALEX C\1_LIMITES_ADMINISTRATIVOS\Def\centrointersect_Dissolve1.shp" LUG11DESIG # MULTI_PART</Process><Process Name="CalculateField_1" ToolSource="C:\Archivos de programa\ArcGIS\ArcToolbox\Toolboxes\Data Management Tools.tbx\CalculateField" Date="20120424" Time="092941">CalculateField "D:\Agencia\Otalex\OTALEX C\1_LIMITES_ADMINISTRATIVOS\Def\centrointersect_Dissolve1.shp" N_poblac [LUG11DESIG] VB # "D:\Agencia\Otalex\OTALEX C\1_LIMITES_ADMINISTRATIVOS\Def\centrointersect_Dissolve1.shp"</Process><Process Name="Merge_2" ToolSource="C:\Archivos de programa\ArcGIS\ArcToolbox\Toolboxes\Data Management Tools.tbx\Merge" Date="20120424" Time="093115">Merge 'D:\Agencia\Otalex\OTALEX C\1_LIMITES_ADMINISTRATIVOS\Def\centrointersect_Dissolve1.shp';'D:\Agencia\Otalex\OTALEX C\1_LIMITES_ADMINISTRATIVOS\NucleoPoblacion\Pob_Alentejo_Extremadura.shp' "D:\Agencia\Otalex\OTALEX C\1_LIMITES_ADMINISTRATIVOS\Def\Pob_OTALEXC.shp" "DTMN11 DTMN11 true false false 4 Text 0 0 ,First,#,D:\Agencia\Otalex\OTALEX C\1_LIMITES_ADMINISTRATIVOS\Def\centrointersect_Dissolve1.shp,DTMN11,-1,-1,D:\Agencia\Otalex\OTALEX C\1_LIMITES_ADMINISTRATIVOS\NucleoPoblacion\Pob_Alentejo_Extremadura.shp,DTMN11,-1,-1;N_poblac N_poblac true false false 254 Text 0 0 ,First,#,D:\Agencia\Otalex\OTALEX C\1_LIMITES_ADMINISTRATIVOS\Def\centrointersect_Dissolve1.shp,N_poblac,-1,-1,D:\Agencia\Otalex\OTALEX C\1_LIMITES_ADMINISTRATIVOS\NucleoPoblacion\Pob_Alentejo_Extremadura.shp,N_poblac,-1,-1;COD_INE COD_INE true false false 15 Text 0 0 ,First,#,D:\Agencia\Otalex\OTALEX C\1_LIMITES_ADMINISTRATIVOS\Def\centrointersect_Dissolve1.shp,COD_INE,-1,-1,D:\Agencia\Otalex\OTALEX C\1_LIMITES_ADMINISTRATIVOS\NucleoPoblacion\Pob_Alentejo_Extremadura.shp,COD_INE,-1,-1"</Process><Process Name="CalculateField_13" ToolSource="C:\Archivos de programa\ArcGIS\ArcToolbox\Toolboxes\Data Management Tools.tbx\CalculateField" Date="20120528" Time="101046">CalculateField "D:\Agencia\Otalex\OTALEX C\20120525_Capas base en explotacion\Poblaciones_OTALEXC.shp" NCODIGO [CODIGO] VB # "D:\Agencia\Otalex\OTALEX C\20120525_Capas base en explotacion\Poblaciones_OTALEXC.shp"</Process><Process Name="CalculateField_14" ToolSource="C:\Archivos de programa\ArcGIS\ArcToolbox\Toolboxes\Data Management Tools.tbx\CalculateField" Date="20120528" Time="101116">CalculateField "D:\Agencia\Otalex\OTALEX C\20120525_Capas base en explotacion\Poblaciones_OTALEXC.shp" CODIGO [NCODIGO] VB # "D:\Agencia\Otalex\OTALEX C\20120525_Capas base en explotacion\Poblaciones_OTALEXC.shp"</Process></lineage></DataProperties></Esri><idinfo><native Sync="TRUE">Microsoft Windows XP Version 5.1 (Build 2600) Service Pack 3; ESRI ArcCatalog 9.2.0.1324</native><descript><langdata Sync="TRUE">es</langdata><abstract>REQUIRED: A brief narrative summary of the data set.</abstract><purpose>REQUIRED: A summary of the intentions with which the data set was developed.</purpose></descript><citation><citeinfo><origin>REQUIRED: The name of an organization or individual that developed the data set.</origin><pubdate>REQUIRED: The date when the data set is published or otherwise made available for release.</pubdate><title Sync="TRUE">Pob_OTALEXC</title><ftname Sync="TRUE">Pob_OTALEXC</ftname><geoform Sync="TRUE">vector digital data</geoform><onlink Sync="TRUE">\\PC000581\D\Agencia\Otalex\OTALEX C\1_LIMITES_ADMINISTRATIVOS\Def\Pob_OTALEXC.shp</onlink></citeinfo></citation><timeperd><current>REQUIRED: The basis on which the time period of content information is determined.</current><timeinfo><sngdate><caldate>REQUIRED: The year (and optionally month, or month and day) for which the data set corresponds to the ground.</caldate></sngdate></timeinfo></timeperd><status><progress>REQUIRED: The state of the data set.</progress><update>REQUIRED: The frequency with which changes and additions are made to the data set after the initial data set is completed.</update></status><spdom><bounding><westbc Sync="TRUE">REQUIRED: Western-most coordinate of the limit of coverage expressed in longitude.</westbc><eastbc Sync="TRUE">REQUIRED: Eastern-most coordinate of the limit of coverage expressed in longitude.</eastbc><northbc Sync="TRUE">REQUIRED: Northern-most coordinate of the limit of coverage expressed in latitude.</northbc><southbc Sync="TRUE">REQUIRED: Southern-most coordinate of the limit of coverage expressed in latitude.</southbc></bounding></spdom><keywords><theme><themekt>REQUIRED: Reference to a formally registered thesaurus or a similar authoritative source of theme keywords.</themekt><themekey>REQUIRED: Common-use word or phrase used to describe the subject of the data set.</themekey></theme></keywords><accconst>REQUIRED: Restrictions and legal prerequisites for accessing the data set.</accconst><useconst>REQUIRED: Restrictions and legal prerequisites for using the data set after access is granted.</useconst><natvform Sync="TRUE">Shapefile</natvform></idinfo><dataIdInfo><envirDesc Sync="TRUE">Microsoft Windows XP Version 5.1 (Build 2600) Service Pack 3; ESRI ArcCatalog 9.2.0.1324</envirDesc><dataLang><languageCode Sync="TRUE" value="es"></languageCode></dataLang><idCitation><resTitle Sync="TRUE">Pob_OTALEXC</resTitle><presForm><PresFormCd Sync="TRUE" value="005"></PresFormCd></presForm></idCitation><spatRpType><SpatRepTypCd Sync="TRUE" value="001"></SpatRepTypCd></spatRpType></dataIdInfo><metainfo><langmeta Sync="TRUE">es</langmeta><metstdn Sync="TRUE">FGDC Content Standards for Digital Geospatial Metadata</metstdn><metstdv Sync="TRUE">FGDC-STD-001-1998</metstdv><mettc Sync="TRUE">local time</mettc><metc><cntinfo><cntorgp><cntper>REQUIRED: The person responsible for the metadata information.</cntper><cntorg>REQUIRED: The organization responsible for the metadata information.</cntorg></cntorgp><cntaddr><addrtype>REQUIRED: The mailing and/or physical address for the organization or individual.</addrtype><city>REQUIRED: The city of the address.</city><state>REQUIRED: The state or province of the address.</state><postal>REQUIRED: The ZIP or other postal code of the address.</postal></cntaddr><cntvoice>REQUIRED: The telephone number by which individuals can speak to the organization or individual.</cntvoice></cntinfo></metc><metd Sync="TRUE">20120424</metd><metextns><onlink Sync="TRUE">http://www.esri.com/metadata/esriprof80.html</onlink><metprof Sync="TRUE">ESRI Metadata Profile</metprof></metextns></metainfo><mdLang><languageCode Sync="TRUE" value="es"></languageCode></mdLang><mdStanName Sync="TRUE">ISO 19115 Geographic Information - Metadata</mdStanName><mdStanVer Sync="TRUE">DIS_ESRI1.0</mdStanVer><mdChar><CharSetCd Sync="TRUE" value="004"></CharSetCd></mdChar><mdHrLv><ScopeCd Sync="TRUE" value="005"></ScopeCd></mdHrLv><mdHrLvName Sync="TRUE">dataset</mdHrLvName><distinfo><resdesc Sync="TRUE">Downloadable Data</resdesc><stdorder><digform><digtinfo><transize Sync="TRUE">0,000</transize><dssize Sync="TRUE">0,000</dssize></digtinfo></digform></stdorder></distinfo><distInfo><distributor><distorTran><onLineSrc><orDesc Sync="TRUE">002</orDesc><linkage Sync="TRUE">file://\\PC000581\D\Agencia\Otalex\OTALEX C\1_LIMITES_ADMINISTRATIVOS\Def\Pob_OTALEXC.shp</linkage><protocol Sync="TRUE">Local Area Network</protocol></onLineSrc><transSize Sync="TRUE">0,000</transSize></distorTran><distorFormat><formatName Sync="TRUE">Shapefile</formatName></distorFormat></distributor></distInfo><spdoinfo><direct Sync="TRUE">Vector</direct><ptvctinf><esriterm Name="Pob_OTALEXC"><efeatyp Sync="TRUE">Simple</efeatyp><efeageom Sync="TRUE">Polygon</efeageom><esritopo Sync="TRUE">FALSE</esritopo><efeacnt Sync="TRUE">0</efeacnt><spindex Sync="TRUE">FALSE</spindex><linrefer Sync="TRUE">FALSE</linrefer></esriterm><sdtsterm Name="Pob_OTALEXC"><sdtstype Sync="TRUE">G-polygon</sdtstype><ptvctcnt Sync="TRUE">0</ptvctcnt></sdtsterm></ptvctinf></spdoinfo><spref><horizsys><cordsysn><geogcsn Sync="TRUE">GCS_ETRS_1989</geogcsn><projcsn Sync="TRUE">ETRS_1989_UTM_Zone_29N</projcsn></cordsysn><planar><planci><plance Sync="TRUE">coordinate pair</plance><plandu Sync="TRUE">meters</plandu><coordrep><absres Sync="TRUE">0.000000</absres><ordres Sync="TRUE">0.000000</ordres></coordrep></planci><mapproj><mapprojn Sync="TRUE">Transverse Mercator</mapprojn><transmer><sfctrmer Sync="TRUE">0.999600</sfctrmer><longcm Sync="TRUE">-9.000000</longcm><latprjo Sync="TRUE">0.000000</latprjo><feast Sync="TRUE">500000.000000</feast><fnorth Sync="TRUE">0.000000</fnorth></transmer></mapproj></planar><geodetic><horizdn Sync="TRUE">D_ETRS_1989</horizdn><ellips Sync="TRUE">Geodetic Reference System 80</ellips><semiaxis Sync="TRUE">6378137.000000</semiaxis><denflat Sync="TRUE">298.257222</denflat></geodetic></horizsys></spref><refSysInfo><RefSystem><refSysID><identCode Sync="TRUE">ETRS_1989_UTM_Zone_29N</identCode></refSysID></RefSystem></refSysInfo><spatRepInfo><VectSpatRep><topLvl><TopoLevCd Sync="TRUE" value="001"></TopoLevCd></topLvl><geometObjs Name="Pob_OTALEXC"><geoObjTyp><GeoObjTypCd Sync="TRUE" value="001"></GeoObjTypCd></geoObjTyp><geoObjCnt Sync="TRUE">0</geoObjCnt></geometObjs></VectSpatRep></spatRepInfo><eainfo><detailed Name="Pob_OTALEXC"><enttyp><enttypl Sync="TRUE">Pob_OTALEXC</enttypl><enttypt Sync="TRUE">Feature Class</enttypt><enttypc Sync="TRUE">0</enttypc></enttyp><attr><attrlabl Sync="TRUE">FID</attrlabl><attalias Sync="TRUE">FID</attalias><attrtype Sync="TRUE">OID</attrtype><attwidth Sync="TRUE">4</attwidth><atprecis Sync="TRUE">0</atprecis><attscale Sync="TRUE">0</attscale><attrdef Sync="TRUE">Internal feature number.</attrdef><attrdefs Sync="TRUE">ESRI</attrdefs><attrdomv><udom Sync="TRUE">Sequential unique whole numbers that are automatically generated.</udom></attrdomv></attr><attr><attrlabl Sync="TRUE">Shape</attrlabl><attalias Sync="TRUE">Shape</attalias><attrtype Sync="TRUE">Geometry</attrtype><attwidth Sync="TRUE">0</attwidth><atprecis Sync="TRUE">0</atprecis><attscale Sync="TRUE">0</attscale><attrdef Sync="TRUE">Feature geometry.</attrdef><attrdefs Sync="TRUE">ESRI</attrdefs><attrdomv><udom Sync="TRUE">Coordinates defining the features.</udom></attrdomv></attr><attr><attrlabl Sync="TRUE">DTMN11</attrlabl><attalias Sync="TRUE">DTMN11</attalias><attrtype Sync="TRUE">String</attrtype><attwidth Sync="TRUE">4</attwidth></attr><attr><attrlabl Sync="TRUE">N_poblac</attrlabl><attalias Sync="TRUE">N_poblac</attalias><attrtype Sync="TRUE">String</attrtype><attwidth Sync="TRUE">254</attwidth></attr><attr><attrlabl Sync="TRUE">COD_INE</attrlabl><attalias Sync="TRUE">COD_INE</attalias><attrtype Sync="TRUE">String</attrtype><attwidth Sync="TRUE">15</attwidth></attr></detailed></eainfo><mdDateSt Sync="TRUE">20120424</mdDateSt></metadata>
